gazetteer_a,id_a,gazetteer_b,id_b,source,retrieved
tm,14,pleiades,501323,wikidata,2026-08-09
tm,33,pleiades,721417202,wikidata,2026-08-09
tm,34,pleiades,756512,wikidata,2026-08-09
tm,37,pleiades,530767,wikidata,2026-08-09
tm,48,pleiades,550403,wikidata,2026-08-09
tm,74,pleiades,550404,wikidata,2026-08-09
tm,76,pleiades,570040,wikidata,2026-08-09
tm,78,pleiades,570049,wikidata,2026-08-09
tm,82,pleiades,550406,wikidata,2026-08-09
tm,100,pleiades,727070,wikidata,2026-08-09
tm,101,pleiades,550434,wikidata,2026-08-09
tm,149,pleiades,716520,wikidata,2026-08-09
tm,161,pleiades,501347,wikidata,2026-08-09
tm,188,pleiades,756515,wikidata,2026-08-09
tm,202,pleiades,638748,wikidata,2026-08-09
tm,204,pleiades,609307,wikidata,2026-08-09
tm,205,pleiades,658381,wikidata,2026-08-09
tm,236,pleiades,736889,wikidata,2026-08-09
tm,269,pleiades,785974,wikidata,2026-08-09
tm,279,pleiades,785975,wikidata,2026-08-09
tm,281,pleiades,29475,wikidata,2026-08-09
tm,281,pleiades,912809,wikidata,2026-08-09
tm,300,pleiades,570104,wikidata,2026-08-09
tm,301,pleiades,570106,wikidata,2026-08-09
tm,344,pleiades,981509,wikidata,2026-08-09
tm,347,pleiades,687839,wikidata,2026-08-09
tm,352,pleiades,638776,wikidata,2026-08-09
tm,369,pleiades,727078,wikidata,2026-08-09
tm,392,pleiades,736896,wikidata,2026-08-09
tm,414,pleiades,112509596,wikidata,2026-08-09
tm,416,pleiades,785986,wikidata,2026-08-09
tm,419,pleiades,530819,wikidata,2026-08-09
tm,440,pleiades,511189,wikidata,2026-08-09
tm,444,pleiades,795790,wikidata,2026-08-09
tm,451,pleiades,226546,wikidata,2026-08-09
tm,462,pleiades,736899,wikidata,2026-08-09
tm,462,pleiades,727088,wikidata,2026-08-09
tm,463,pleiades,736899,wikidata,2026-08-09
tm,463,pleiades,727088,wikidata,2026-08-09
tm,471,pleiades,736900,wikidata,2026-08-09
tm,481,pleiades,432742,wikidata,2026-08-09
tm,484,pleiades,314921,wikidata,2026-08-09
tm,526,pleiades,981514,wikidata,2026-08-09
tm,527,pleiades,991373,wikidata,2026-08-09
tm,528,pleiades,981516,wikidata,2026-08-09
tm,585,pleiades,540737,wikidata,2026-08-09
tm,587,pleiades,678121,wikidata,2026-08-09
tm,606,pleiades,481818,wikidata,2026-08-09
tm,611,pleiades,440947682,wikidata,2026-08-09
tm,621,pleiades,786021,wikidata,2026-08-09
tm,648,pleiades,599612,wikidata,2026-08-09
tm,650,pleiades,570228,wikidata,2026-08-09
tm,655,pleiades,991364,wikidata,2026-08-09
tm,658,pleiades,550533,wikidata,2026-08-09
tm,660,pleiades,687917,wikidata,2026-08-09
tm,672,pleiades,540775,wikidata,2026-08-09
tm,691,pleiades,619161,wikidata,2026-08-09
tm,697,pleiades,687902,wikidata,2026-08-09
tm,699,pleiades,786118,wikidata,2026-08-09
tm,700,pleiades,776176,wikidata,2026-08-09
tm,719,pleiades,589796,wikidata,2026-08-09
tm,732,pleiades,599636,wikidata,2026-08-09
tm,745,pleiades,727077,wikidata,2026-08-09
tm,747,pleiades,736918,wikidata,2026-08-09
tm,761,pleiades,727117,wikidata,2026-08-09
tm,801,pleiades,736920,wikidata,2026-08-09
tm,812,pleiades,786036,wikidata,2026-08-09
tm,816,pleiades,756574,wikidata,2026-08-09
tm,817,pleiades,727123,wikidata,2026-08-09
tm,848,pleiades,786037,wikidata,2026-08-09
tm,853,pleiades,687928,wikidata,2026-08-09
tm,861,pleiades,550585,wikidata,2026-08-09
tm,905,pleiades,687931,wikidata,2026-08-09
tm,920,pleiades,727130,wikidata,2026-08-09
tm,936,pleiades,981527,wikidata,2026-08-09
tm,952,pleiades,786047,wikidata,2026-08-09
tm,971,pleiades,570325,wikidata,2026-08-09
tm,977,pleiades,216744,wikidata,2026-08-09
tm,1001,pleiades,727097,wikidata,2026-08-09
tm,1008,pleiades,736932,wikidata,2026-08-09
tm,1014,pleiades,687872,wikidata,2026-08-09
tm,1022,pleiades,638796,wikidata,2026-08-09
tm,1027,pleiades,550867,wikidata,2026-08-09
tm,1036,pleiades,579972,wikidata,2026-08-09
tm,1057,pleiades,736936,wikidata,2026-08-09
tm,1097,pleiades,638804,wikidata,2026-08-09
tm,1106,pleiades,511385,wikidata,2026-08-09
tm,1121,pleiades,599576,wikidata,2026-08-09
tm,1122,pleiades,589872,wikidata,2026-08-09
tm,1130,pleiades,579980,wikidata,2026-08-09
tm,1142,pleiades,599577,wikidata,2026-08-09
tm,1159,pleiades,786010,wikidata,2026-08-09
tm,1161,pleiades,638933,wikidata,2026-08-09
tm,1176,pleiades,756588,wikidata,2026-08-09
tm,1192,pleiades,678215,wikidata,2026-08-09
tm,1203,pleiades,776191,wikidata,2026-08-09
tm,1211,pleiades,599745,wikidata,2026-08-09
tm,1222,pleiades,501570,wikidata,2026-08-09
tm,1227,pleiades,786059,wikidata,2026-08-09
tm,1245,pleiades,727149,wikidata,2026-08-09
tm,1271,pleiades,756593,wikidata,2026-08-09
tm,1279,pleiades,981531,wikidata,2026-08-09
tm,1344,pleiades,736963,wikidata,2026-08-09
tm,1351,pleiades,727156,wikidata,2026-08-09
tm,1363,pleiades,874602,wikidata,2026-08-09
tm,1364,pleiades,570480,wikidata,2026-08-09
tm,1365,pleiades,550738,wikidata,2026-08-09
tm,1384,pleiades,736967,wikidata,2026-08-09
tm,1404,pleiades,639005,wikidata,2026-08-09
tm,1409,pleiades,550763,wikidata,2026-08-09
tm,1424,pleiades,727169,wikidata,2026-08-09
tm,1454,pleiades,540963,wikidata,2026-08-09
tm,1464,pleiades,511337,wikidata,2026-08-09
tm,1485,pleiades,216904,wikidata,2026-08-09
tm,1498,pleiades,491678,wikidata,2026-08-09
tm,1499,pleiades,786079,wikidata,2026-08-09
tm,1524,pleiades,736983,wikidata,2026-08-09
tm,1589,pleiades,756613,wikidata,2026-08-09
tm,1625,pleiades,639042,wikidata,2026-08-09
tm,1628,pleiades,786084,wikidata,2026-08-09
tm,1657,pleiades,491687,wikidata,2026-08-09
tm,1659,pleiades,570577,wikidata,2026-08-09
tm,1662,pleiades,727192,wikidata,2026-08-09
tm,1688,pleiades,550812,wikidata,2026-08-09
tm,1694,pleiades,511357,wikidata,2026-08-09
tm,1704,pleiades,922698,wikidata,2026-08-09
tm,1730,pleiades,589989,wikidata,2026-08-09
tm,1731,pleiades,580072,wikidata,2026-08-09
tm,1753,pleiades,639051,wikidata,2026-08-09
tm,1762,pleiades,550822,wikidata,2026-08-09
tm,1767,pleiades,786089,wikidata,2026-08-09
tm,1783,pleiades,570602,wikidata,2026-08-09
tm,1784,pleiades,580076,wikidata,2026-08-09
tm,1837,pleiades,639060,wikidata,2026-08-09
tm,1890,pleiades,590003,wikidata,2026-08-09
tm,2023,pleiades,756635,wikidata,2026-08-09
tm,2024,pleiades,736953,wikidata,2026-08-09
tm,2040,pleiades,776215,wikidata,2026-08-09
tm,2042,pleiades,697728,wikidata,2026-08-09
tm,2044,pleiades,688015,wikidata,2026-08-09
tm,2047,pleiades,786040,wikidata,2026-08-09
tm,2072,pleiades,727217,wikidata,2026-08-09
tm,2105,pleiades,786107,wikidata,2026-08-09
tm,2114,pleiades,511414,wikidata,2026-08-09
tm,2132,pleiades,981549,wikidata,2026-08-09
tm,2141,pleiades,857321,wikidata,2026-08-09
tm,2143,pleiades,590048,wikidata,2026-08-09
tm,2157,pleiades,737053,wikidata,2026-08-09
tm,2181,pleiades,570685,wikidata,2026-08-09
tm,2185,pleiades,580109,wikidata,2026-08-09
tm,2211,pleiades,981550,wikidata,2026-08-09
tm,2252,pleiades,727236,wikidata,2026-08-09
tm,2260,pleiades,727241,wikidata,2026-08-09
tm,2269,pleiades,648789,wikidata,2026-08-09
tm,2287,pleiades,737072,wikidata,2026-08-09
tm,2297,pleiades,727124,wikidata,2026-08-09
tm,2304,pleiades,550908,wikidata,2026-08-09
tm,2318,pleiades,727244,wikidata,2026-08-09
tm,2319,pleiades,639139,wikidata,2026-08-09
tm,2350,pleiades,599969,wikidata,2026-08-09
tm,2400,pleiades,756659,wikidata,2026-08-09
tm,2405,pleiades,727249,wikidata,2026-08-09
tm,2414,pleiades,981552,wikidata,2026-08-09
tm,2427,pleiades,737089,wikidata,2026-08-09
tm,2440,pleiades,639147,wikidata,2026-08-09
tm,2458,pleiades,786132,wikidata,2026-08-09
tm,2468,pleiades,207513,wikidata,2026-08-09
tm,2473,pleiades,668394,wikidata,2026-08-09
tm,2504,pleiades,639166,wikidata,2026-08-09
tm,2507,pleiades,727256,wikidata,2026-08-09
tm,2614,pleiades,981507,wikidata,2026-08-09
tm,2624,pleiades,857018,wikidata,2026-08-09
tm,2641,pleiades,727171,wikidata,2026-08-09
tm,2684,pleiades,736885,wikidata,2026-08-09
tm,2711,pleiades,727105,wikidata,2026-08-09
tm,2722,pleiades,736982,wikidata,2026-08-09
tm,2727,pleiades,766332,wikidata,2026-08-09
tm,2729,pleiades,776147,wikidata,2026-08-09
tm,2733,pleiades,776235,wikidata,2026-08-09
tm,2738,pleiades,570535,wikidata,2026-08-09
tm,2739,pleiades,776156,wikidata,2026-08-09
tm,2761,pleiades,776191,wikidata,2026-08-09
tm,2762,pleiades,776189,wikidata,2026-08-09
tm,2767,pleiades,149576487,wikidata,2026-08-09
tm,2771,pleiades,766391,wikidata,2026-08-09
tm,2774,pleiades,756518,wikidata,2026-08-09
tm,2781,pleiades,451955539,wikidata,2026-08-09
tm,2787,pleiades,633872579,wikidata,2026-08-09
tm,2788,pleiades,433032,wikidata,2026-08-09
tm,2789,pleiades,795832,wikidata,2026-08-09
tm,2790,pleiades,805647,wikidata,2026-08-09
tm,2792,pleiades,687923,wikidata,2026-08-09
tm,2798,pleiades,638963,wikidata,2026-08-09
tm,2801,pleiades,570479,wikidata,2026-08-09
tm,2810,pleiades,786114,wikidata,2026-08-09
tm,2835,pleiades,971693,wikidata,2026-08-09
tm,2839,pleiades,786087,wikidata,2026-08-09
tm,2919,pleiades,648647,wikidata,2026-08-09
tm,2988,pleiades,422995,wikidata,2026-08-09
tm,3093,pleiades,730134,wikidata,2026-08-09
tm,3111,pleiades,785976,wikidata,2026-08-09
tm,3116,pleiades,295279,wikidata,2026-08-09
tm,3125,pleiades,786015,wikidata,2026-08-09
tm,3130,pleiades,687890,wikidata,2026-08-09
tm,3140,pleiades,658427,wikidata,2026-08-09
tm,3148,pleiades,687968,wikidata,2026-08-09
tm,3149,pleiades,786064,wikidata,2026-08-09
tm,3162,pleiades,687988,wikidata,2026-08-09
tm,3170,pleiades,795838,wikidata,2026-08-09
tm,3182,pleiades,580062,wikidata,2026-08-09
tm,3191,pleiades,697632,wikidata,2026-08-09
tm,3192,pleiades,393480,wikidata,2026-08-09
tm,3194,pleiades,795853,wikidata,2026-08-09
tm,3201,pleiades,89313,wikidata,2026-08-09
tm,3203,pleiades,756647,wikidata,2026-08-09
tm,3217,pleiades,668335,wikidata,2026-08-09
tm,3232,pleiades,981513,wikidata,2026-08-09
tm,3238,pleiades,177568,wikidata,2026-08-09
tm,3239,pleiades,471899,wikidata,2026-08-09
tm,3257,pleiades,108749,wikidata,2026-08-09
tm,3258,pleiades,108751,wikidata,2026-08-09
tm,3262,pleiades,109321,wikidata,2026-08-09
tm,3265,pleiades,177460,wikidata,2026-08-09
tm,3270,pleiades,177441,wikidata,2026-08-09
tm,3277,pleiades,138281,wikidata,2026-08-09
tm,3280,pleiades,138255,wikidata,2026-08-09
tm,3285,pleiades,109169,wikidata,2026-08-09
tm,3300,pleiades,89132,wikidata,2026-08-09
tm,3305,pleiades,432721,wikidata,2026-08-09
tm,3305,pleiades,383588,wikidata,2026-08-09
tm,3313,pleiades,383815,wikidata,2026-08-09
tm,3316,pleiades,187357,wikidata,2026-08-09
tm,3317,pleiades,79734,wikidata,2026-08-09
tm,3319,pleiades,187523,wikidata,2026-08-09
tm,3324,pleiades,118600,wikidata,2026-08-09
tm,3330,pleiades,60591,wikidata,2026-08-09
tm,3330,pleiades,874623,wikidata,2026-08-09
tm,3339,pleiades,148217,wikidata,2026-08-09
tm,3342,pleiades,108754,wikidata,2026-08-09
tm,3343,pleiades,108775,wikidata,2026-08-09
tm,3344,pleiades,305090,wikidata,2026-08-09
tm,3351,pleiades,99046,wikidata,2026-08-09
tm,3357,pleiades,526055597,wikidata,2026-08-09
tm,3358,pleiades,501366,wikidata,2026-08-09
tm,3363,pleiades,413037,wikidata,2026-08-09
tm,3370,pleiades,246344,wikidata,2026-08-09
tm,3432,pleiades,638751,wikidata,2026-08-09
tm,3460,pleiades,805630,wikidata,2026-08-09
tm,3464,pleiades,805632,wikidata,2026-08-09
tm,3464,pleiades,781071240,wikidata,2026-08-09
tm,3474,pleiades,766402,wikidata,2026-08-09
tm,3474,pleiades,795856,wikidata,2026-08-09
tm,3513,pleiades,550463,wikidata,2026-08-09
tm,3526,pleiades,550924,wikidata,2026-08-09
tm,3531,pleiades,678324,wikidata,2026-08-09
tm,3534,pleiades,540831,wikidata,2026-08-09
tm,3552,pleiades,707468,wikidata,2026-08-09
tm,3554,pleiades,971705,wikidata,2026-08-09
tm,3557,pleiades,570205,wikidata,2026-08-09
tm,3559,pleiades,776223,wikidata,2026-08-09
tm,3562,pleiades,29713,wikidata,2026-08-09
tm,3565,pleiades,795787,wikidata,2026-08-09
tm,3570,pleiades,678073,wikidata,2026-08-09
tm,3575,pleiades,550706,wikidata,2026-08-09
tm,3580,pleiades,550898,wikidata,2026-08-09
tm,3581,pleiades,541137,wikidata,2026-08-09
tm,3588,pleiades,638789,wikidata,2026-08-09
tm,3591,pleiades,582862,wikidata,2026-08-09
tm,3597,pleiades,570333,wikidata,2026-08-09
tm,3603,pleiades,481728,wikidata,2026-08-09
tm,3609,pleiades,570504,wikidata,2026-08-09
tm,3614,pleiades,541140,wikidata,2026-08-09
tm,3615,pleiades,599640,wikidata,2026-08-09
tm,3630,pleiades,789776,wikidata,2026-08-09
tm,3631,pleiades,599754,wikidata,2026-08-09
tm,3635,pleiades,590063,wikidata,2026-08-09
tm,3643,pleiades,570441,wikidata,2026-08-09
tm,3653,pleiades,786095,wikidata,2026-08-09
tm,3657,pleiades,305171,wikidata,2026-08-09
tm,3668,pleiades,716615,wikidata,2026-08-09
tm,3681,pleiades,550595,wikidata,2026-08-09
tm,3685,pleiades,727094,wikidata,2026-08-09
tm,3693,pleiades,639087,wikidata,2026-08-09
tm,3703,pleiades,599707,wikidata,2026-08-09
tm,3705,pleiades,157802,wikidata,2026-08-09
tm,3758,pleiades,324673,wikidata,2026-08-09
tm,3759,pleiades,668208,wikidata,2026-08-09
tm,3816,pleiades,687851,wikidata,2026-08-09
tm,3820,pleiades,668216,wikidata,2026-08-09
tm,3858,pleiades,668214,wikidata,2026-08-09
tm,3871,pleiades,314912,wikidata,2026-08-09
tm,3924,pleiades,981505,wikidata,2026-08-09
tm,3943,pleiades,727172,wikidata,2026-08-09
tm,4127,pleiades,795873,wikidata,2026-08-09
tm,4137,pleiades,687887,wikidata,2026-08-09
tm,4143,pleiades,687925,wikidata,2026-08-09
tm,4311,pleiades,658636,wikidata,2026-08-09
tm,4346,pleiades,727120,wikidata,2026-08-09
tm,4366,pleiades,207385,wikidata,2026-08-09
tm,4755,pleiades,795808,wikidata,2026-08-09
tm,4839,pleiades,795866,wikidata,2026-08-09
tm,4859,pleiades,786076,wikidata,2026-08-09
tm,4889,pleiades,776143,wikidata,2026-08-09
tm,4975,pleiades,795843,wikidata,2026-08-09
tm,4984,pleiades,979588215,wikidata,2026-08-09
tm,4996,pleiades,797229144,wikidata,2026-08-09
tm,5035,pleiades,805623,wikidata,2026-08-09
tm,5089,pleiades,756545,wikidata,2026-08-09
tm,5090,pleiades,996473997,wikidata,2026-08-09
tm,5093,pleiades,166663104,wikidata,2026-08-09
tm,5109,pleiades,291059528,wikidata,2026-08-09
tm,5112,pleiades,665675512,wikidata,2026-08-09
tm,5127,pleiades,727200,wikidata,2026-08-09
tm,5129,pleiades,727080,wikidata,2026-08-09
tm,5130,pleiades,189900109,wikidata,2026-08-09
tm,5144,pleiades,952615577,wikidata,2026-08-09
tm,5149,pleiades,228359733,wikidata,2026-08-09
tm,5162,pleiades,756538,wikidata,2026-08-09
tm,5181,pleiades,890040006,wikidata,2026-08-09
tm,5272,pleiades,207236501,wikidata,2026-08-09
tm,5392,pleiades,727144,wikidata,2026-08-09
tm,5400,pleiades,954023893,wikidata,2026-08-09
tm,5418,pleiades,638955,wikidata,2026-08-09
tm,5717,pleiades,599543,wikidata,2026-08-09
tm,5784,pleiades,707594,wikidata,2026-08-09
tm,6054,pleiades,981539,wikidata,2026-08-09
tm,6057,pleiades,40253,wikidata,2026-08-09
tm,6057,pleiades,938346135,wikidata,2026-08-09
tm,6117,pleiades,39404,wikidata,2026-08-09
tm,6141,pleiades,148241,wikidata,2026-08-09
tm,6147,pleiades,702604147,wikidata,2026-08-09
tm,6148,pleiades,789002572,wikidata,2026-08-09
tm,6217,pleiades,741137357,wikidata,2026-08-09
tm,6297,pleiades,727185,wikidata,2026-08-09
tm,6297,pleiades,730136,wikidata,2026-08-09
tm,6322,pleiades,952097,wikidata,2026-08-09
tm,6819,pleiades,484501230,wikidata,2026-08-09
tm,6829,pleiades,114815757,wikidata,2026-08-09
tm,7148,pleiades,300044063,wikidata,2026-08-09
tm,7196,pleiades,873367356,wikidata,2026-08-09
tm,7196,pleiades,438829,wikidata,2026-08-09
tm,7209,pleiades,1273,wikidata,2026-08-09
tm,7222,pleiades,956605009,wikidata,2026-08-09
tm,7223,pleiades,134485260,wikidata,2026-08-09
tm,7224,pleiades,458593872,wikidata,2026-08-09
tm,7225,pleiades,752122699,wikidata,2026-08-09
tm,7226,pleiades,666067877,wikidata,2026-08-09
tm,7227,pleiades,777690772,wikidata,2026-08-09
tm,7228,pleiades,260329424,wikidata,2026-08-09
tm,7229,pleiades,310265136,wikidata,2026-08-09
tm,7229,pleiades,571649387,wikidata,2026-08-09
tm,7230,pleiades,182931392,wikidata,2026-08-09
tm,7231,pleiades,670733375,wikidata,2026-08-09
tm,7232,pleiades,66019947,wikidata,2026-08-09
tm,7233,pleiades,177623366,wikidata,2026-08-09
tm,7234,pleiades,814891878,wikidata,2026-08-09
tm,7235,pleiades,966985945,wikidata,2026-08-09
tm,7236,pleiades,182931391,wikidata,2026-08-09
tm,7237,pleiades,986788581,wikidata,2026-08-09
tm,7238,pleiades,943743265,wikidata,2026-08-09
tm,7239,pleiades,580975875,wikidata,2026-08-09
tm,7240,pleiades,557821256,wikidata,2026-08-09
tm,7241,pleiades,910605204,wikidata,2026-08-09
tm,7242,pleiades,11924822,wikidata,2026-08-09
tm,7243,pleiades,964333742,wikidata,2026-08-09
tm,7244,pleiades,177271381,wikidata,2026-08-09
tm,7245,pleiades,534380454,wikidata,2026-08-09
tm,7246,pleiades,558953506,wikidata,2026-08-09
tm,7247,pleiades,239510733,wikidata,2026-08-09
tm,7248,pleiades,67911853,wikidata,2026-08-09
tm,7725,pleiades,737096,wikidata,2026-08-09
tm,7744,pleiades,737097,wikidata,2026-08-09
tm,7796,pleiades,315248,wikidata,2026-08-09
tm,7802,pleiades,730138,wikidata,2026-08-09
tm,8281,pleiades,40018,wikidata,2026-08-09
tm,8315,pleiades,324716,wikidata,2026-08-09
tm,8321,pleiades,39307,wikidata,2026-08-09
tm,8338,pleiades,491585,wikidata,2026-08-09
tm,8430,pleiades,393374,wikidata,2026-08-09
tm,8516,pleiades,648557,wikidata,2026-08-09
tm,8554,pleiades,716524,wikidata,2026-08-09
tm,9229,pleiades,50146,wikidata,2026-08-09
tm,10277,pleiades,59668,wikidata,2026-08-09
tm,10278,pleiades,540907,wikidata,2026-08-09
tm,10315,pleiades,570292,wikidata,2026-08-09
tm,10316,pleiades,422852,wikidata,2026-08-09
tm,10345,pleiades,579920,wikidata,2026-08-09
tm,10710,pleiades,550597,wikidata,2026-08-09
tm,10711,pleiades,942333,wikidata,2026-08-09
tm,10715,pleiades,903021,wikidata,2026-08-09
tm,10862,pleiades,814698,wikidata,2026-08-09
tm,10926,pleiades,177661,wikidata,2026-08-09
tm,10927,pleiades,79299,wikidata,2026-08-09
tm,10929,pleiades,413283,wikidata,2026-08-09
tm,10990,pleiades,373861,wikidata,2026-08-09
tm,11116,pleiades,687826,wikidata,2026-08-09
tm,11124,pleiades,716619,wikidata,2026-08-09
tm,11232,pleiades,795794,wikidata,2026-08-09
tm,11259,pleiades,40222,wikidata,2026-08-09
tm,11275,pleiades,658457,wikidata,2026-08-09
tm,11286,pleiades,894099,wikidata,2026-08-09
tm,11329,pleiades,981538,wikidata,2026-08-09
tm,11334,pleiades,963047542,wikidata,2026-08-09
tm,11344,pleiades,668216,wikidata,2026-08-09
tm,11402,pleiades,619269,wikidata,2026-08-09
tm,11411,pleiades,442552,wikidata,2026-08-09
tm,11496,pleiades,442509,wikidata,2026-08-09
tm,11621,pleiades,893964,wikidata,2026-08-09
tm,11624,pleiades,981522,wikidata,2026-08-09
tm,11804,pleiades,413032,wikidata,2026-08-09
tm,11821,pleiades,609393,wikidata,2026-08-09
tm,11824,pleiades,226577,wikidata,2026-08-09
tm,11829,pleiades,570703,wikidata,2026-08-09
tm,11830,pleiades,324653,wikidata,2026-08-09
tm,11832,pleiades,324669,wikidata,2026-08-09
tm,11833,pleiades,305064,wikidata,2026-08-09
tm,11840,pleiades,344456,wikidata,2026-08-09
tm,11843,pleiades,315219,wikidata,2026-08-09
tm,11844,pleiades,315220,wikidata,2026-08-09
tm,11845,pleiades,324835,wikidata,2026-08-09
tm,11846,pleiades,315247,wikidata,2026-08-09
tm,11847,pleiades,432617,wikidata,2026-08-09
tm,11852,pleiades,413174,wikidata,2026-08-09
tm,11856,pleiades,433126,wikidata,2026-08-09
tm,11857,pleiades,413328,wikidata,2026-08-09
tm,11858,pleiades,197574,wikidata,2026-08-09
tm,11859,pleiades,658378,wikidata,2026-08-09
tm,11866,pleiades,206960,wikidata,2026-08-09
tm,11869,pleiades,197179,wikidata,2026-08-09
tm,11871,pleiades,658587,wikidata,2026-08-09
tm,11888,pleiades,432900,wikidata,2026-08-09
tm,11889,pleiades,589901,wikidata,2026-08-09
tm,11898,pleiades,648801,wikidata,2026-08-09
tm,11899,pleiades,825397,wikidata,2026-08-09
tm,11900,pleiades,217016,wikidata,2026-08-09
tm,11935,pleiades,912816,wikidata,2026-08-09
tm,11948,pleiades,39417,wikidata,2026-08-09
tm,12012,pleiades,985180643,wikidata,2026-08-09
tm,12035,pleiades,589694,wikidata,2026-08-09
tm,12049,pleiades,491526,wikidata,2026-08-09
tm,12051,pleiades,501363,wikidata,2026-08-09
tm,12052,pleiades,540842,wikidata,2026-08-09
tm,12053,pleiades,540682,wikidata,2026-08-09
tm,12096,pleiades,491546,wikidata,2026-08-09
tm,12097,pleiades,491701,wikidata,2026-08-09
tm,12107,pleiades,501616,wikidata,2026-08-09
tm,12110,pleiades,540827,wikidata,2026-08-09
tm,12125,pleiades,541136,wikidata,2026-08-09
tm,12145,pleiades,491616,wikidata,2026-08-09
tm,12150,pleiades,491538,wikidata,2026-08-09
tm,12153,pleiades,481861,wikidata,2026-08-09
tm,12165,pleiades,482008,wikidata,2026-08-09
tm,12226,pleiades,197276,wikidata,2026-08-09
tm,12251,pleiades,393513,wikidata,2026-08-09
tm,12254,pleiades,383584,wikidata,2026-08-09
tm,12269,pleiades,393441,wikidata,2026-08-09
tm,12284,pleiades,393414,wikidata,2026-08-09
tm,12295,pleiades,393459,wikidata,2026-08-09
tm,12315,pleiades,393503,wikidata,2026-08-09
tm,12325,pleiades,187430,wikidata,2026-08-09
tm,12371,pleiades,825318,wikidata,2026-08-09
tm,12477,pleiades,648783,wikidata,2026-08-09
tm,12640,pleiades,678301,wikidata,2026-08-09
tm,12806,pleiades,226800,wikidata,2026-08-09
tm,12807,pleiades,226564,wikidata,2026-08-09
tm,12834,pleiades,981518,wikidata,2026-08-09
tm,13139,pleiades,844935,wikidata,2026-08-09
tm,13142,pleiades,29652,wikidata,2026-08-09
tm,13143,pleiades,814688,wikidata,2026-08-09
tm,13146,pleiades,639098,wikidata,2026-08-09
tm,13219,pleiades,687856,wikidata,2026-08-09
tm,13580,pleiades,256177,wikidata,2026-08-09
tm,13603,pleiades,413122,wikidata,2026-08-09
tm,13672,pleiades,109397,wikidata,2026-08-09
tm,13673,pleiades,79352,wikidata,2026-08-09
tm,13675,pleiades,83828,wikidata,2026-08-09
tm,13677,pleiades,432931,wikidata,2026-08-09
tm,13679,pleiades,89143,wikidata,2026-08-09
tm,13681,pleiades,89152,wikidata,2026-08-09
tm,13682,pleiades,89175,wikidata,2026-08-09
tm,13683,pleiades,79395,wikidata,2026-08-09
tm,13927,pleiades,570543,wikidata,2026-08-09
tm,13998,pleiades,20634,wikidata,2026-08-09
tm,14002,pleiades,981533,wikidata,2026-08-09
tm,14005,pleiades,648792,wikidata,2026-08-09
tm,14042,pleiades,422914,wikidata,2026-08-09
tm,14130,pleiades,266066,wikidata,2026-08-09
tm,14226,pleiades,678387,wikidata,2026-08-09
tm,14256,pleiades,442476,wikidata,2026-08-09
tm,14258,pleiades,442845,wikidata,2026-08-09
tm,14267,pleiades,442573,wikidata,2026-08-09
tm,14269,pleiades,442615,wikidata,2026-08-09
tm,14280,pleiades,697987396,wikidata,2026-08-09
tm,14283,pleiades,442746,wikidata,2026-08-09
tm,14284,pleiades,442753,wikidata,2026-08-09
tm,14291,pleiades,442801,wikidata,2026-08-09
tm,14292,pleiades,442841,wikidata,2026-08-09
tm,14294,pleiades,442616,wikidata,2026-08-09
tm,14300,pleiades,89234,wikidata,2026-08-09
tm,14337,pleiades,442728,wikidata,2026-08-09
tm,14340,pleiades,433128,wikidata,2026-08-09
tm,14344,pleiades,423013,wikidata,2026-08-09
tm,14346,pleiades,433078,wikidata,2026-08-09
tm,14347,pleiades,413267,wikidata,2026-08-09
tm,14348,pleiades,413126,wikidata,2026-08-09
tm,14349,pleiades,423116,wikidata,2026-08-09
tm,14351,pleiades,413332,wikidata,2026-08-09
tm,14353,pleiades,413393,wikidata,2026-08-09
tm,14354,pleiades,413288,wikidata,2026-08-09
tm,14355,pleiades,403291,wikidata,2026-08-09
tm,14356,pleiades,403212,wikidata,2026-08-09
tm,14358,pleiades,413293,wikidata,2026-08-09
tm,14359,pleiades,413096,wikidata,2026-08-09
tm,14365,pleiades,393379,wikidata,2026-08-09
tm,14368,pleiades,413324,wikidata,2026-08-09
tm,14371,pleiades,393498,wikidata,2026-08-09
tm,14395,pleiades,413330,wikidata,2026-08-09
tm,14397,pleiades,413151,wikidata,2026-08-09
tm,14398,pleiades,413264,wikidata,2026-08-09
tm,14401,pleiades,413178,wikidata,2026-08-09
tm,14403,pleiades,413114,wikidata,2026-08-09
tm,14405,pleiades,800834026,wikidata,2026-08-09
tm,14407,pleiades,413127,wikidata,2026-08-09
tm,14408,pleiades,413036,wikidata,2026-08-09
tm,14409,pleiades,413273,wikidata,2026-08-09
tm,14412,pleiades,413376,wikidata,2026-08-09
tm,14413,pleiades,413190,wikidata,2026-08-09
tm,14414,pleiades,413240,wikidata,2026-08-09
tm,14416,pleiades,413255,wikidata,2026-08-09
tm,14417,pleiades,413046,wikidata,2026-08-09
tm,14419,pleiades,413152,wikidata,2026-08-09
tm,14420,pleiades,413175,wikidata,2026-08-09
tm,14421,pleiades,413043,wikidata,2026-08-09
tm,14422,pleiades,413326,wikidata,2026-08-09
tm,14424,pleiades,413105,wikidata,2026-08-09
tm,14426,pleiades,432927,wikidata,2026-08-09
tm,14428,pleiades,432679,wikidata,2026-08-09
tm,14430,pleiades,422944,wikidata,2026-08-09
tm,14431,pleiades,422833,wikidata,2026-08-09
tm,14432,pleiades,432711,wikidata,2026-08-09
tm,14433,pleiades,432940,wikidata,2026-08-09
tm,14437,pleiades,432808,wikidata,2026-08-09
tm,14438,pleiades,432828,wikidata,2026-08-09
tm,14439,pleiades,433146,wikidata,2026-08-09
tm,14443,pleiades,432658,wikidata,2026-08-09
tm,14445,pleiades,432621,wikidata,2026-08-09
tm,14452,pleiades,433208,wikidata,2026-08-09
tm,14453,pleiades,432764,wikidata,2026-08-09
tm,14456,pleiades,45806447,wikidata,2026-08-09
tm,14458,pleiades,442614,wikidata,2026-08-09
tm,14460,pleiades,442451,wikidata,2026-08-09
tm,14463,pleiades,433017,wikidata,2026-08-09
tm,14464,pleiades,433185,wikidata,2026-08-09
tm,14467,pleiades,433073,wikidata,2026-08-09
tm,14468,pleiades,433149,wikidata,2026-08-09
tm,14469,pleiades,432827,wikidata,2026-08-09
tm,14471,pleiades,432709,wikidata,2026-08-09
tm,14472,pleiades,433163,wikidata,2026-08-09
tm,14474,pleiades,432849,wikidata,2026-08-09
tm,14477,pleiades,413017,wikidata,2026-08-09
tm,14478,pleiades,413171,wikidata,2026-08-09
tm,14481,pleiades,442815,wikidata,2026-08-09
tm,14482,pleiades,442584,wikidata,2026-08-09
tm,14483,pleiades,442733,wikidata,2026-08-09
tm,14484,pleiades,452411,wikidata,2026-08-09
tm,14486,pleiades,452390,wikidata,2026-08-09
tm,14487,pleiades,452361,wikidata,2026-08-09
tm,14495,pleiades,442496,wikidata,2026-08-09
tm,14505,pleiades,452308,wikidata,2026-08-09
tm,14508,pleiades,452473,wikidata,2026-08-09
tm,14516,pleiades,79484,wikidata,2026-08-09
tm,14517,pleiades,89317,wikidata,2026-08-09
tm,14518,pleiades,79339,wikidata,2026-08-09
tm,14519,pleiades,79389,wikidata,2026-08-09
tm,14522,pleiades,79605,wikidata,2026-08-09
tm,14523,pleiades,89127,wikidata,2026-08-09
tm,14524,pleiades,42633537,wikidata,2026-08-09
tm,14525,pleiades,79542,wikidata,2026-08-09
tm,14526,pleiades,79733,wikidata,2026-08-09
tm,14527,pleiades,89148,wikidata,2026-08-09
tm,14530,pleiades,79722,wikidata,2026-08-09
tm,14531,pleiades,89146,wikidata,2026-08-09
tm,14536,pleiades,89314,wikidata,2026-08-09
tm,14538,pleiades,79531,wikidata,2026-08-09
tm,14543,pleiades,89230,wikidata,2026-08-09
tm,14546,pleiades,79409,wikidata,2026-08-09
tm,14547,pleiades,79609,wikidata,2026-08-09
tm,14548,pleiades,79645,wikidata,2026-08-09
tm,14553,pleiades,79280,wikidata,2026-08-09
tm,14554,pleiades,967060231,wikidata,2026-08-09
tm,14557,pleiades,89307,wikidata,2026-08-09
tm,14569,pleiades,89097,wikidata,2026-08-09
tm,14570,pleiades,89102,wikidata,2026-08-09
tm,14572,pleiades,89104,wikidata,2026-08-09
tm,14573,pleiades,89133,wikidata,2026-08-09
tm,14577,pleiades,79393,wikidata,2026-08-09
tm,14578,pleiades,89150,wikidata,2026-08-09
tm,14584,pleiades,79532,wikidata,2026-08-09
tm,14585,pleiades,79559,wikidata,2026-08-09
tm,14587,pleiades,79735,wikidata,2026-08-09
tm,14588,pleiades,422923,wikidata,2026-08-09
tm,14589,pleiades,383737,wikidata,2026-08-09
tm,14605,pleiades,79741,wikidata,2026-08-09
tm,14613,pleiades,79769,wikidata,2026-08-09
tm,14615,pleiades,79312,wikidata,2026-08-09
tm,14629,pleiades,79763,wikidata,2026-08-09
tm,14647,pleiades,70083736,wikidata,2026-08-09
tm,14652,pleiades,399911223,wikidata,2026-08-09
tm,14653,pleiades,967060425,wikidata,2026-08-09
tm,14669,pleiades,89288,wikidata,2026-08-09
tm,14678,pleiades,79360,wikidata,2026-08-09
tm,14682,pleiades,79726,wikidata,2026-08-09
tm,14697,pleiades,79552,wikidata,2026-08-09
tm,14711,pleiades,79712,wikidata,2026-08-09
tm,14719,pleiades,967060434,wikidata,2026-08-09
tm,14723,pleiades,89131,wikidata,2026-08-09
tm,14734,pleiades,89293,wikidata,2026-08-09
tm,14756,pleiades,79642,wikidata,2026-08-09
tm,14760,pleiades,79729,wikidata,2026-08-09
tm,14766,pleiades,859366031,wikidata,2026-08-09
tm,14775,pleiades,79368,wikidata,2026-08-09
tm,14777,pleiades,79682,wikidata,2026-08-09
tm,14783,pleiades,79675,wikidata,2026-08-09
tm,14800,pleiades,79739,wikidata,2026-08-09
tm,14806,pleiades,920394485734333,wikidata,2026-08-09
tm,14808,pleiades,89315,wikidata,2026-08-09
tm,14812,pleiades,89282,wikidata,2026-08-09
tm,14815,pleiades,79659,wikidata,2026-08-09
tm,14816,pleiades,79658,wikidata,2026-08-09
tm,14818,pleiades,79657,wikidata,2026-08-09
tm,14829,pleiades,89193,wikidata,2026-08-09
tm,14835,pleiades,79578,wikidata,2026-08-09
tm,14841,pleiades,718938476,wikidata,2026-08-09
tm,14842,pleiades,24992539,wikidata,2026-08-09
tm,14848,pleiades,79353,wikidata,2026-08-09
tm,14855,pleiades,79293,wikidata,2026-08-09
tm,14861,pleiades,89318,wikidata,2026-08-09
tm,14865,pleiades,79638,wikidata,2026-08-09
tm,14869,pleiades,842094503,wikidata,2026-08-09
tm,14878,pleiades,678530353,wikidata,2026-08-09
tm,14891,pleiades,89236,wikidata,2026-08-09
tm,14907,pleiades,89304,wikidata,2026-08-09
tm,14914,pleiades,89142,wikidata,2026-08-09
tm,14916,pleiades,79616,wikidata,2026-08-09
tm,14924,pleiades,89246,wikidata,2026-08-09
tm,14928,pleiades,89189,wikidata,2026-08-09
tm,14936,pleiades,967060272,wikidata,2026-08-09
tm,14938,pleiades,973041326,wikidata,2026-08-09
tm,14959,pleiades,79590,wikidata,2026-08-09
tm,14960,pleiades,79592,wikidata,2026-08-09
tm,14967,pleiades,79647,wikidata,2026-08-09
tm,14968,pleiades,79583,wikidata,2026-08-09
tm,14972,pleiades,79582,wikidata,2026-08-09
tm,14975,pleiades,79561,wikidata,2026-08-09
tm,14976,pleiades,264399135,wikidata,2026-08-09
tm,15001,pleiades,975153391,wikidata,2026-08-09
tm,15033,pleiades,79347,wikidata,2026-08-09
tm,15069,pleiades,79373,wikidata,2026-08-09
tm,15074,pleiades,79530,wikidata,2026-08-09
tm,15076,pleiades,89207,wikidata,2026-08-09
tm,15087,pleiades,89311,wikidata,2026-08-09
tm,15114,pleiades,79509,wikidata,2026-08-09
tm,15117,pleiades,79507,wikidata,2026-08-09
tm,15126,pleiades,79504,wikidata,2026-08-09
tm,15141,pleiades,79502,wikidata,2026-08-09
tm,15149,pleiades,89201,wikidata,2026-08-09
tm,15152,pleiades,91358,wikidata,2026-08-09
tm,15152,pleiades,579047271,wikidata,2026-08-09
tm,15171,pleiades,79489,wikidata,2026-08-09
tm,15178,pleiades,79440,wikidata,2026-08-09
tm,15182,pleiades,79394,wikidata,2026-08-09
tm,15185,pleiades,92163,wikidata,2026-08-09
tm,15204,pleiades,79467,wikidata,2026-08-09
tm,15207,pleiades,79466,wikidata,2026-08-09
tm,15216,pleiades,89182,wikidata,2026-08-09
tm,15228,pleiades,79448,wikidata,2026-08-09
tm,15235,pleiades,79285,wikidata,2026-08-09
tm,15245,pleiades,79434,wikidata,2026-08-09
tm,15248,pleiades,89151,wikidata,2026-08-09
tm,15251,pleiades,79427,wikidata,2026-08-09
tm,15253,pleiades,79646,wikidata,2026-08-09
tm,15256,pleiades,79431,wikidata,2026-08-09
tm,15274,pleiades,79413,wikidata,2026-08-09
tm,15282,pleiades,89155,wikidata,2026-08-09
tm,15293,pleiades,89153,wikidata,2026-08-09
tm,15304,pleiades,79397,wikidata,2026-08-09
tm,15314,pleiades,79549,wikidata,2026-08-09
tm,15319,pleiades,79622,wikidata,2026-08-09
tm,15322,pleiades,89144,wikidata,2026-08-09
tm,15327,pleiades,79364,wikidata,2026-08-09
tm,15328,pleiades,79383,wikidata,2026-08-09
tm,15329,pleiades,79534,wikidata,2026-08-09
tm,15334,pleiades,967060363,wikidata,2026-08-09
tm,15341,pleiades,79553,wikidata,2026-08-09
tm,15342,pleiades,89138,wikidata,2026-08-09
tm,15344,pleiades,89238,wikidata,2026-08-09
tm,15347,pleiades,89309,wikidata,2026-08-09
tm,15348,pleiades,89128,wikidata,2026-08-09
tm,15353,pleiades,79602,wikidata,2026-08-09
tm,15360,pleiades,89297,wikidata,2026-08-09
tm,15366,pleiades,79436,wikidata,2026-08-09
tm,15374,pleiades,79678,wikidata,2026-08-09
tm,15378,pleiades,79298,wikidata,2026-08-09
tm,15383,pleiades,79475,wikidata,2026-08-09
tm,15384,pleiades,89092,wikidata,2026-08-09
tm,15395,pleiades,89312,wikidata,2026-08-09
tm,15396,pleiades,79407,wikidata,2026-08-09
tm,15415,pleiades,79351,wikidata,2026-08-09
tm,15416,pleiades,79349,wikidata,2026-08-09
tm,15419,pleiades,79346,wikidata,2026-08-09
tm,15423,pleiades,79631,wikidata,2026-08-09
tm,15425,pleiades,89239,wikidata,2026-08-09
tm,15426,pleiades,89224,wikidata,2026-08-09
tm,15460,pleiades,79328,wikidata,2026-08-09
tm,15466,pleiades,89116,wikidata,2026-08-09
tm,15474,pleiades,89125,wikidata,2026-08-09
tm,15501,pleiades,89108,wikidata,2026-08-09
tm,15504,pleiades,79311,wikidata,2026-08-09
tm,15526,pleiades,79295,wikidata,2026-08-09
tm,15528,pleiades,79292,wikidata,2026-08-09
tm,15532,pleiades,89191,wikidata,2026-08-09
tm,15541,pleiades,79289,wikidata,2026-08-09
tm,15542,pleiades,79288,wikidata,2026-08-09
tm,15558,pleiades,79459,wikidata,2026-08-09
tm,15560,pleiades,89095,wikidata,2026-08-09
tm,15575,pleiades,79545,wikidata,2026-08-09
tm,15582,pleiades,89321,wikidata,2026-08-09
tm,15592,pleiades,275599,wikidata,2026-08-09
tm,15599,pleiades,275737,wikidata,2026-08-09
tm,15602,pleiades,275586,wikidata,2026-08-09
tm,15608,pleiades,275734,wikidata,2026-08-09
tm,15622,pleiades,148202,wikidata,2026-08-09
tm,15629,pleiades,570051,wikidata,2026-08-09
tm,15691,pleiades,967060303,wikidata,2026-08-09
tm,15698,pleiades,967060234,wikidata,2026-08-09
tm,15702,pleiades,967060333,wikidata,2026-08-09
tm,15712,pleiades,967060240,wikidata,2026-08-09
tm,15742,pleiades,540639,wikidata,2026-08-09
tm,15744,pleiades,570385,wikidata,2026-08-09
tm,15754,pleiades,570501,wikidata,2026-08-09
tm,15756,pleiades,570590,wikidata,2026-08-09
tm,15763,pleiades,579940,wikidata,2026-08-09
tm,15770,pleiades,315223,wikidata,2026-08-09
tm,15771,pleiades,981504,wikidata,2026-08-09
tm,15775,pleiades,540617,wikidata,2026-08-09
tm,15780,pleiades,481808,wikidata,2026-08-09
tm,15781,pleiades,530843,wikidata,2026-08-09
tm,15801,pleiades,481715,wikidata,2026-08-09
tm,15806,pleiades,481701,wikidata,2026-08-09
tm,15816,pleiades,481939,wikidata,2026-08-09
tm,15850,pleiades,491683,wikidata,2026-08-09
tm,15861,pleiades,216702,wikidata,2026-08-09
tm,15865,pleiades,216731,wikidata,2026-08-09
tm,15881,pleiades,216788,wikidata,2026-08-09
tm,15906,pleiades,216859,wikidata,2026-08-09
tm,15926,pleiades,491587,wikidata,2026-08-09
tm,15946,pleiades,580097,wikidata,2026-08-09
tm,15985,pleiades,511456,wikidata,2026-08-09
tm,16059,pleiades,207508,wikidata,2026-08-09
tm,16071,pleiades,589900,wikidata,2026-08-09
tm,16073,pleiades,590013,wikidata,2026-08-09
tm,16076,pleiades,589710,wikidata,2026-08-09
tm,16102,pleiades,501556,wikidata,2026-08-09
tm,16122,pleiades,609292,wikidata,2026-08-09
tm,16129,pleiades,550506,wikidata,2026-08-09
tm,16132,pleiades,638936,wikidata,2026-08-09
tm,16136,pleiades,609538,wikidata,2026-08-09
tm,16148,pleiades,609302,wikidata,2026-08-09
tm,16152,pleiades,511375,wikidata,2026-08-09
tm,16157,pleiades,609484,wikidata,2026-08-09
tm,16163,pleiades,639015,wikidata,2026-08-09
tm,16166,pleiades,550508,wikidata,2026-08-09
tm,16207,pleiades,550535,wikidata,2026-08-09
tm,16242,pleiades,550460,wikidata,2026-08-09
tm,16260,pleiades,639013,wikidata,2026-08-09
tm,16270,pleiades,638857,wikidata,2026-08-09
tm,16280,pleiades,981512,wikidata,2026-08-09
tm,16285,pleiades,857095,wikidata,2026-08-09
tm,16295,pleiades,844991,wikidata,2026-08-09
tm,16321,pleiades,638814,wikidata,2026-08-09
tm,16332,pleiades,609388,wikidata,2026-08-09
tm,16332,pleiades,609351,wikidata,2026-08-09
tm,16412,pleiades,857134,wikidata,2026-08-09
tm,16417,pleiades,981530,wikidata,2026-08-09
tm,16422,pleiades,638778,wikidata,2026-08-09
tm,16423,pleiades,638770,wikidata,2026-08-09
tm,16423,pleiades,638769,wikidata,2026-08-09
tm,16426,pleiades,639017,wikidata,2026-08-09
tm,16434,pleiades,638749,wikidata,2026-08-09
tm,16443,pleiades,638812,wikidata,2026-08-09
tm,16447,pleiades,628925,wikidata,2026-08-09
tm,16459,pleiades,658391,wikidata,2026-08-09
tm,16467,pleiades,216895,wikidata,2026-08-09
tm,16484,pleiades,648548,wikidata,2026-08-09
tm,16495,pleiades,648670,wikidata,2026-08-09
tm,16497,pleiades,658569,wikidata,2026-08-09
tm,16521,pleiades,128376,wikidata,2026-08-09
tm,16528,pleiades,1000,wikidata,2026-08-09
tm,16528,pleiades,981525,wikidata,2026-08-09
tm,16529,pleiades,981540,wikidata,2026-08-09
tm,16530,pleiades,981524,wikidata,2026-08-09
tm,16532,pleiades,981541,wikidata,2026-08-09
tm,16538,pleiades,857107,wikidata,2026-08-09
tm,16573,pleiades,707642,wikidata,2026-08-09
tm,16582,pleiades,687881,wikidata,2026-08-09
tm,16645,pleiades,678082,wikidata,2026-08-09
tm,16838,pleiades,746761,wikidata,2026-08-09
tm,16842,pleiades,814675,wikidata,2026-08-09
tm,16863,pleiades,678431,wikidata,2026-08-09
tm,16868,pleiades,814671,wikidata,2026-08-09
tm,16893,pleiades,687915,wikidata,2026-08-09
tm,16906,pleiades,275670,wikidata,2026-08-09
tm,16995,pleiades,344282,wikidata,2026-08-09
tm,17043,pleiades,315174,wikidata,2026-08-09
tm,17050,pleiades,315207,wikidata,2026-08-09
tm,17055,pleiades,324694,wikidata,2026-08-09
tm,17071,pleiades,315178,wikidata,2026-08-09
tm,17097,pleiades,334478,wikidata,2026-08-09
tm,17131,pleiades,324684,wikidata,2026-08-09
tm,17132,pleiades,344496,wikidata,2026-08-09
tm,17201,pleiades,314897,wikidata,2026-08-09
tm,17231,pleiades,315085,wikidata,2026-08-09
tm,17236,pleiades,324774,wikidata,2026-08-09
tm,17244,pleiades,314840,wikidata,2026-08-09
tm,17308,pleiades,314892,wikidata,2026-08-09
tm,17318,pleiades,344334,wikidata,2026-08-09
tm,17321,pleiades,344520,wikidata,2026-08-09
tm,17336,pleiades,324664,wikidata,2026-08-09
tm,17343,pleiades,315093,wikidata,2026-08-09
tm,17397,pleiades,344315,wikidata,2026-08-09
tm,17403,pleiades,315121,wikidata,2026-08-09
tm,17415,pleiades,315271,wikidata,2026-08-09
tm,17422,pleiades,305039,wikidata,2026-08-09
tm,17456,pleiades,315065,wikidata,2026-08-09
tm,17464,pleiades,315198,wikidata,2026-08-09
tm,17465,pleiades,334570,wikidata,2026-08-09
tm,17533,pleiades,305167,wikidata,2026-08-09
tm,17585,pleiades,344312,wikidata,2026-08-09
tm,17586,pleiades,344313,wikidata,2026-08-09
tm,17755,pleiades,315153,wikidata,2026-08-09
tm,17967,pleiades,991345,wikidata,2026-08-09
tm,17996,pleiades,334553,wikidata,2026-08-09
tm,18310,pleiades,334536,wikidata,2026-08-09
tm,18535,pleiades,305063,wikidata,2026-08-09
tm,18695,pleiades,305109,wikidata,2026-08-09
tm,18740,pleiades,334641,wikidata,2026-08-09
tm,18780,pleiades,305082,wikidata,2026-08-09
tm,18970,pleiades,79727,wikidata,2026-08-09
tm,18971,pleiades,79732,wikidata,2026-08-09
tm,18972,pleiades,79313,wikidata,2026-08-09
tm,18976,pleiades,83883,wikidata,2026-08-09
tm,18977,pleiades,79399,wikidata,2026-08-09
tm,18980,pleiades,79437,wikidata,2026-08-09
tm,18982,pleiades,79730,wikidata,2026-08-09
tm,18986,pleiades,83868,wikidata,2026-08-09
tm,18987,pleiades,79335,wikidata,2026-08-09
tm,18988,pleiades,79333,wikidata,2026-08-09
tm,18989,pleiades,79302,wikidata,2026-08-09
tm,18991,pleiades,79279,wikidata,2026-08-09
tm,19000,pleiades,79417,wikidata,2026-08-09
tm,19003,pleiades,91357,wikidata,2026-08-09
tm,19059,pleiades,89242,wikidata,2026-08-09
tm,19552,pleiades,89281,wikidata,2026-08-09
tm,19576,pleiades,79625,wikidata,2026-08-09
tm,19609,pleiades,89145,wikidata,2026-08-09
tm,19627,pleiades,79474,wikidata,2026-08-09
tm,19630,pleiades,79628,wikidata,2026-08-09
tm,19632,pleiades,79652,wikidata,2026-08-09
tm,19635,pleiades,79508,wikidata,2026-08-09
tm,19639,pleiades,442808,wikidata,2026-08-09
tm,19645,pleiades,79543,wikidata,2026-08-09
tm,19670,pleiades,89252,wikidata,2026-08-09
tm,19681,pleiades,89226,wikidata,2026-08-09
tm,19700,pleiades,92179,wikidata,2026-08-09
tm,19711,pleiades,79630,wikidata,2026-08-09
tm,19714,pleiades,79381,wikidata,2026-08-09
tm,19718,pleiades,79423,wikidata,2026-08-09
tm,19724,pleiades,79430,wikidata,2026-08-09
tm,19738,pleiades,991322,wikidata,2026-08-09
tm,19785,pleiades,79287,wikidata,2026-08-09
tm,19790,pleiades,79556,wikidata,2026-08-09
tm,19792,pleiades,79450,wikidata,2026-08-09
tm,19794,pleiades,89181,wikidata,2026-08-09
tm,19824,pleiades,89227,wikidata,2026-08-09
tm,19834,pleiades,79560,wikidata,2026-08-09
tm,19858,pleiades,981528,wikidata,2026-08-09
tm,19860,pleiades,981537,wikidata,2026-08-09
tm,19864,pleiades,177494,wikidata,2026-08-09
tm,19866,pleiades,98962,wikidata,2026-08-09
tm,19868,pleiades,167922,wikidata,2026-08-09
tm,19884,pleiades,246345,wikidata,2026-08-09
tm,19888,pleiades,148054,wikidata,2026-08-09
tm,19894,pleiades,256155,wikidata,2026-08-09
tm,19899,pleiades,118580,wikidata,2026-08-09
tm,19900,pleiades,422986,wikidata,2026-08-09
tm,19902,pleiades,197389,wikidata,2026-08-09
tm,19903,pleiades,135663336,wikidata,2026-08-09
tm,19905,pleiades,148142,wikidata,2026-08-09
tm,19920,pleiades,89132,wikidata,2026-08-09
tm,19930,pleiades,108803,wikidata,2026-08-09
tm,19937,pleiades,79416,wikidata,2026-08-09
tm,19940,pleiades,207447,wikidata,2026-08-09
tm,19943,pleiades,109287,wikidata,2026-08-09
tm,19944,pleiades,256512,wikidata,2026-08-09
tm,19954,pleiades,236377,wikidata,2026-08-09
tm,19964,pleiades,92147,wikidata,2026-08-09
tm,19967,pleiades,89187,wikidata,2026-08-09
tm,20052,pleiades,118537,wikidata,2026-08-09
tm,20064,pleiades,118734,wikidata,2026-08-09
tm,20067,pleiades,187326,wikidata,2026-08-09
tm,20070,pleiades,118800,wikidata,2026-08-09
tm,20396,pleiades,295245,wikidata,2026-08-09
tm,20420,pleiades,334634,wikidata,2026-08-09
tm,20424,pleiades,305153,wikidata,2026-08-09
tm,20445,pleiades,285414,wikidata,2026-08-09
tm,20451,pleiades,285503,wikidata,2026-08-09
tm,20459,pleiades,285411,wikidata,2026-08-09
tm,20491,pleiades,305172,wikidata,2026-08-09
tm,20527,pleiades,285413,wikidata,2026-08-09
tm,20557,pleiades,285495,wikidata,2026-08-09
tm,20643,pleiades,295280,wikidata,2026-08-09
tm,20669,pleiades,177528,wikidata,2026-08-09
tm,20678,pleiades,147990,wikidata,2026-08-09
tm,20682,pleiades,157836,wikidata,2026-08-09
tm,20683,pleiades,167644,wikidata,2026-08-09
tm,20689,pleiades,167685,wikidata,2026-08-09
tm,20698,pleiades,177533,wikidata,2026-08-09
tm,20699,pleiades,167634,wikidata,2026-08-09
tm,20704,pleiades,167656,wikidata,2026-08-09
tm,20707,pleiades,118605,wikidata,2026-08-09
tm,20707,pleiades,393390,wikidata,2026-08-09
tm,20712,pleiades,138204,wikidata,2026-08-09
tm,20717,pleiades,108953,wikidata,2026-08-09
tm,20721,pleiades,109110,wikidata,2026-08-09
tm,20737,pleiades,109390,wikidata,2026-08-09
tm,20744,pleiades,167658,wikidata,2026-08-09
tm,20746,pleiades,147993,wikidata,2026-08-09
tm,20954,pleiades,167963,wikidata,2026-08-09
tm,20958,pleiades,167716,wikidata,2026-08-09
tm,20974,pleiades,148223,wikidata,2026-08-09
tm,21042,pleiades,148036,wikidata,2026-08-09
tm,21071,pleiades,148018,wikidata,2026-08-09
tm,21203,pleiades,157805,wikidata,2026-08-09
tm,21401,pleiades,148093,wikidata,2026-08-09
tm,21617,pleiades,167838,wikidata,2026-08-09
tm,21873,pleiades,167822,wikidata,2026-08-09
tm,21892,pleiades,157816,wikidata,2026-08-09
tm,22014,pleiades,167738,wikidata,2026-08-09
tm,22041,pleiades,157952,wikidata,2026-08-09
tm,22056,pleiades,472047,wikidata,2026-08-09
tm,22106,pleiades,471947,wikidata,2026-08-09
tm,22117,pleiades,471894,wikidata,2026-08-09
tm,22215,pleiades,472032,wikidata,2026-08-09
tm,22241,pleiades,462307,wikidata,2026-08-09
tm,22268,pleiades,462074,wikidata,2026-08-09
tm,22273,pleiades,462514,wikidata,2026-08-09
tm,22286,pleiades,462489,wikidata,2026-08-09
tm,22290,pleiades,462154,wikidata,2026-08-09
tm,22315,pleiades,462281,wikidata,2026-08-09
tm,22319,pleiades,462372,wikidata,2026-08-09
tm,22324,pleiades,462381,wikidata,2026-08-09
tm,22331,pleiades,462068,wikidata,2026-08-09
tm,22332,pleiades,462413,wikidata,2026-08-09
tm,22346,pleiades,462498,wikidata,2026-08-09
tm,22351,pleiades,462187,wikidata,2026-08-09
tm,22352,pleiades,462062,wikidata,2026-08-09
tm,22359,pleiades,157806,wikidata,2026-08-09
tm,22359,pleiades,982259,wikidata,2026-08-09
tm,22433,pleiades,982258,wikidata,2026-08-09
tm,22449,pleiades,383545,wikidata,2026-08-09
tm,22459,pleiades,99304503945,wikidata,2026-08-09
tm,22501,pleiades,177663,wikidata,2026-08-09
tm,22517,pleiades,246171,wikidata,2026-08-09
tm,22602,pleiades,138169,wikidata,2026-08-09
tm,22744,pleiades,138368,wikidata,2026-08-09
tm,23219,pleiades,138185,wikidata,2026-08-09
tm,23263,pleiades,138422,wikidata,2026-08-09
tm,23269,pleiades,140546,wikidata,2026-08-09
tm,23504,pleiades,422960,wikidata,2026-08-09
tm,23505,pleiades,795348768,wikidata,2026-08-09
tm,23509,pleiades,413238,wikidata,2026-08-09
tm,23540,pleiades,981511,wikidata,2026-08-09
tm,23577,pleiades,167681,wikidata,2026-08-09
tm,23642,pleiades,177427,wikidata,2026-08-09
tm,23662,pleiades,177473,wikidata,2026-08-09
tm,23712,pleiades,108844,wikidata,2026-08-09
tm,23734,pleiades,69539,wikidata,2026-08-09
tm,23767,pleiades,69585,wikidata,2026-08-09
tm,23804,pleiades,114795,wikidata,2026-08-09
tm,23836,pleiades,138323,wikidata,2026-08-09
tm,23860,pleiades,108913,wikidata,2026-08-09
tm,23913,pleiades,177572,wikidata,2026-08-09
tm,24046,pleiades,167649,wikidata,2026-08-09
tm,24055,pleiades,138468,wikidata,2026-08-09
tm,24119,pleiades,177453,wikidata,2026-08-09
tm,24245,pleiades,108729,wikidata,2026-08-09
tm,24370,pleiades,109278,wikidata,2026-08-09
tm,24383,pleiades,109302,wikidata,2026-08-09
tm,24384,pleiades,109307,wikidata,2026-08-09
tm,24386,pleiades,109329,wikidata,2026-08-09
tm,24430,pleiades,109093,wikidata,2026-08-09
tm,24444,pleiades,109292,wikidata,2026-08-09
tm,24450,pleiades,109379,wikidata,2026-08-09
tm,24458,pleiades,109441,wikidata,2026-08-09
tm,24461,pleiades,109375,wikidata,2026-08-09
tm,24462,pleiades,108765,wikidata,2026-08-09
tm,24464,pleiades,98908,wikidata,2026-08-09
tm,24465,pleiades,99003,wikidata,2026-08-09
tm,24466,pleiades,98918,wikidata,2026-08-09
tm,24527,pleiades,108875,wikidata,2026-08-09
tm,24537,pleiades,99008,wikidata,2026-08-09
tm,24551,pleiades,98956,wikidata,2026-08-09
tm,24553,pleiades,98997,wikidata,2026-08-09
tm,24558,pleiades,108761,wikidata,2026-08-09
tm,24629,pleiades,98976,wikidata,2026-08-09
tm,24760,pleiades,109103,wikidata,2026-08-09
tm,24789,pleiades,108830,wikidata,2026-08-09
tm,24858,pleiades,108798,wikidata,2026-08-09
tm,24866,pleiades,108865,wikidata,2026-08-09
tm,24869,pleiades,99014,wikidata,2026-08-09
tm,24885,pleiades,108898,wikidata,2026-08-09
tm,24911,pleiades,108838,wikidata,2026-08-09
tm,24927,pleiades,98934,wikidata,2026-08-09
tm,25142,pleiades,118945,wikidata,2026-08-09
tm,25264,pleiades,109247,wikidata,2026-08-09
tm,25367,pleiades,177657,wikidata,2026-08-09
tm,25384,pleiades,177489,wikidata,2026-08-09
tm,25430,pleiades,109389,wikidata,2026-08-09
tm,25432,pleiades,109317,wikidata,2026-08-09
tm,25443,pleiades,862,wikidata,2026-08-09
tm,25556,pleiades,236385,wikidata,2026-08-09
tm,25573,pleiades,236409,wikidata,2026-08-09
tm,25576,pleiades,236659,wikidata,2026-08-09
tm,25594,pleiades,236517,wikidata,2026-08-09
tm,25633,pleiades,236458,wikidata,2026-08-09
tm,25770,pleiades,256220,wikidata,2026-08-09
tm,25782,pleiades,236321,wikidata,2026-08-09
tm,25928,pleiades,256377,wikidata,2026-08-09
tm,25936,pleiades,256438,wikidata,2026-08-09
tm,25965,pleiades,927078047,wikidata,2026-08-09
tm,25967,pleiades,791272286,wikidata,2026-08-09
tm,25978,pleiades,265977,wikidata,2026-08-09
tm,25981,pleiades,256235,wikidata,2026-08-09
tm,25986,pleiades,256057,wikidata,2026-08-09
tm,25990,pleiades,256107,wikidata,2026-08-09
tm,25996,pleiades,256228,wikidata,2026-08-09
tm,26002,pleiades,256063,wikidata,2026-08-09
tm,26032,pleiades,266081,wikidata,2026-08-09
tm,26037,pleiades,265925,wikidata,2026-08-09
tm,26040,pleiades,256456,wikidata,2026-08-09
tm,26050,pleiades,256440,wikidata,2026-08-09
tm,26085,pleiades,265784,wikidata,2026-08-09
tm,26135,pleiades,265939,wikidata,2026-08-09
tm,26157,pleiades,266070,wikidata,2026-08-09
tm,26172,pleiades,265799,wikidata,2026-08-09
tm,26184,pleiades,265963,wikidata,2026-08-09
tm,26195,pleiades,256222,wikidata,2026-08-09
tm,26206,pleiades,256058,wikidata,2026-08-09
tm,26220,pleiades,256347,wikidata,2026-08-09
tm,26227,pleiades,256322,wikidata,2026-08-09
tm,26248,pleiades,256231,wikidata,2026-08-09
tm,26254,pleiades,256318,wikidata,2026-08-09
tm,26286,pleiades,256325,wikidata,2026-08-09
tm,26298,pleiades,256126,wikidata,2026-08-09
tm,26331,pleiades,256439,wikidata,2026-08-09
tm,26397,pleiades,265834,wikidata,2026-08-09
tm,26435,pleiades,265801,wikidata,2026-08-09
tm,26466,pleiades,256001,wikidata,2026-08-09
tm,26568,pleiades,266005,wikidata,2026-08-09
tm,26576,pleiades,266085,wikidata,2026-08-09
tm,26610,pleiades,265855,wikidata,2026-08-09
tm,26611,pleiades,256453,wikidata,2026-08-09
tm,26623,pleiades,716589,wikidata,2026-08-09
tm,26704,pleiades,246321,wikidata,2026-08-09
tm,26716,pleiades,236475,wikidata,2026-08-09
tm,26719,pleiades,236524,wikidata,2026-08-09
tm,26724,pleiades,475092090,wikidata,2026-08-09
tm,26728,pleiades,236464,wikidata,2026-08-09
tm,26741,pleiades,236493,wikidata,2026-08-09
tm,26778,pleiades,246748,wikidata,2026-08-09
tm,26919,pleiades,118813,wikidata,2026-08-09
tm,26934,pleiades,109427,wikidata,2026-08-09
tm,26982,pleiades,246688,wikidata,2026-08-09
tm,27012,pleiades,236601,wikidata,2026-08-09
tm,27131,pleiades,266036,wikidata,2026-08-09
tm,27214,pleiades,246220,wikidata,2026-08-09
tm,27402,pleiades,265880,wikidata,2026-08-09
tm,27642,pleiades,236333,wikidata,2026-08-09
tm,27681,pleiades,265840,wikidata,2026-08-09
tm,27788,pleiades,265891,wikidata,2026-08-09
tm,27834,pleiades,108748,wikidata,2026-08-09
tm,27836,pleiades,118594,wikidata,2026-08-09
tm,27839,pleiades,108809,wikidata,2026-08-09
tm,27843,pleiades,109174,wikidata,2026-08-09
tm,27860,pleiades,108835,wikidata,2026-08-09
tm,27865,pleiades,118657,wikidata,2026-08-09
tm,27870,pleiades,108971,wikidata,2026-08-09
tm,27924,pleiades,118706,wikidata,2026-08-09
tm,27939,pleiades,243310943,wikidata,2026-08-09
tm,27963,pleiades,118854,wikidata,2026-08-09
tm,27964,pleiades,118862,wikidata,2026-08-09
tm,27982,pleiades,118889,wikidata,2026-08-09
tm,27991,pleiades,118898,wikidata,2026-08-09
tm,28011,pleiades,118985,wikidata,2026-08-09
tm,28018,pleiades,118955,wikidata,2026-08-09
tm,28019,pleiades,118956,wikidata,2026-08-09
tm,28026,pleiades,118980,wikidata,2026-08-09
tm,28041,pleiades,119043,wikidata,2026-08-09
tm,28057,pleiades,177495,wikidata,2026-08-09
tm,28083,pleiades,177580,wikidata,2026-08-09
tm,28087,pleiades,187624,wikidata,2026-08-09
tm,28098,pleiades,118584,wikidata,2026-08-09
tm,28116,pleiades,118603,wikidata,2026-08-09
tm,28140,pleiades,187242,wikidata,2026-08-09
tm,28155,pleiades,118840,wikidata,2026-08-09
tm,28190,pleiades,118815,wikidata,2026-08-09
tm,28201,pleiades,118590,wikidata,2026-08-09
tm,28217,pleiades,118926,wikidata,2026-08-09
tm,28230,pleiades,119020,wikidata,2026-08-09
tm,28245,pleiades,187292,wikidata,2026-08-09
tm,28251,pleiades,187249,wikidata,2026-08-09
tm,28257,pleiades,187325,wikidata,2026-08-09
tm,28274,pleiades,187581,wikidata,2026-08-09
tm,28283,pleiades,187541,wikidata,2026-08-09
tm,28344,pleiades,197273,wikidata,2026-08-09
tm,28403,pleiades,187265,wikidata,2026-08-09
tm,28432,pleiades,187583,wikidata,2026-08-09
tm,28437,pleiades,187549,wikidata,2026-08-09
tm,28596,pleiades,187355,wikidata,2026-08-09
tm,28821,pleiades,128537,wikidata,2026-08-09
tm,28940,pleiades,197287,wikidata,2026-08-09
tm,29008,pleiades,197381,wikidata,2026-08-09
tm,29019,pleiades,197199,wikidata,2026-08-09
tm,29047,pleiades,197452,wikidata,2026-08-09
tm,29106,pleiades,197457,wikidata,2026-08-09
tm,29125,pleiades,197127,wikidata,2026-08-09
tm,29126,pleiades,197113,wikidata,2026-08-09
tm,29142,pleiades,197207,wikidata,2026-08-09
tm,29145,pleiades,197371,wikidata,2026-08-09
tm,29147,pleiades,197580,wikidata,2026-08-09
tm,29161,pleiades,206964,wikidata,2026-08-09
tm,29227,pleiades,197564,wikidata,2026-08-09
tm,29242,pleiades,197396,wikidata,2026-08-09
tm,29253,pleiades,197360,wikidata,2026-08-09
tm,29256,pleiades,197523,wikidata,2026-08-09
tm,29259,pleiades,197109,wikidata,2026-08-09
tm,29281,pleiades,206874,wikidata,2026-08-09
tm,29301,pleiades,207001,wikidata,2026-08-09
tm,29302,pleiades,207392,wikidata,2026-08-09
tm,29362,pleiades,197262,wikidata,2026-08-09
tm,29369,pleiades,197555,wikidata,2026-08-09
tm,29420,pleiades,197115,wikidata,2026-08-09
tm,29423,pleiades,197094,wikidata,2026-08-09
tm,29480,pleiades,981535,wikidata,2026-08-09
tm,29480,pleiades,216887,wikidata,2026-08-09
tm,29481,pleiades,981536,wikidata,2026-08-09
tm,29492,pleiades,197089,wikidata,2026-08-09
tm,29518,pleiades,197509,wikidata,2026-08-09
tm,29537,pleiades,197350,wikidata,2026-08-09
tm,29566,pleiades,197071,wikidata,2026-08-09
tm,29619,pleiades,197097,wikidata,2026-08-09
tm,29637,pleiades,207303,wikidata,2026-08-09
tm,29642,pleiades,207549,wikidata,2026-08-09
tm,29653,pleiades,207173,wikidata,2026-08-09
tm,29665,pleiades,482032,wikidata,2026-08-09
tm,29666,pleiades,482027,wikidata,2026-08-09
tm,29680,pleiades,207100,wikidata,2026-08-09
tm,29683,pleiades,207501,wikidata,2026-08-09
tm,29684,pleiades,207395,wikidata,2026-08-09
tm,29695,pleiades,207069,wikidata,2026-08-09
tm,29705,pleiades,207164,wikidata,2026-08-09
tm,29801,pleiades,207293,wikidata,2026-08-09
tm,29809,pleiades,216896,wikidata,2026-08-09
tm,29821,pleiades,216790,wikidata,2026-08-09
tm,29830,pleiades,216878,wikidata,2026-08-09
tm,29838,pleiades,216916,wikidata,2026-08-09
tm,29860,pleiades,216982,wikidata,2026-08-09
tm,29865,pleiades,406510719,wikidata,2026-08-09
tm,29888,pleiades,501446,wikidata,2026-08-09
tm,29942,pleiades,216846,wikidata,2026-08-09
tm,29965,pleiades,217025,wikidata,2026-08-09
tm,29973,pleiades,216722,wikidata,2026-08-09
tm,30006,pleiades,216770,wikidata,2026-08-09
tm,30012,pleiades,216900,wikidata,2026-08-09
tm,30024,pleiades,217056,wikidata,2026-08-09
tm,30060,pleiades,207527,wikidata,2026-08-09
tm,30073,pleiades,207425,wikidata,2026-08-09
tm,30156,pleiades,207361,wikidata,2026-08-09
tm,30199,pleiades,206917,wikidata,2026-08-09
tm,30272,pleiades,854719,wikidata,2026-08-09
tm,30282,pleiades,981502,wikidata,2026-08-09
tm,30329,pleiades,491512,wikidata,2026-08-09
tm,30489,pleiades,491527,wikidata,2026-08-09
tm,30538,pleiades,482013,wikidata,2026-08-09
tm,30557,pleiades,501403,wikidata,2026-08-09
tm,30620,pleiades,303999556,wikidata,2026-08-09
tm,30621,pleiades,390205932,wikidata,2026-08-09
tm,30624,pleiades,93042695,wikidata,2026-08-09
tm,30626,pleiades,622606468,wikidata,2026-08-09
tm,30627,pleiades,272213281,wikidata,2026-08-09
tm,30632,pleiades,422830,wikidata,2026-08-09
tm,30634,pleiades,413074,wikidata,2026-08-09
tm,30635,pleiades,18271457,wikidata,2026-08-09
tm,30686,pleiades,423016,wikidata,2026-08-09
tm,30732,pleiades,187518,wikidata,2026-08-09
tm,30863,pleiades,413389,wikidata,2026-08-09
tm,30893,pleiades,197438,wikidata,2026-08-09
tm,30938,pleiades,441075551,wikidata,2026-08-09
tm,31407,pleiades,393365,wikidata,2026-08-09
tm,31487,pleiades,383677,wikidata,2026-08-09
tm,31639,pleiades,413261,wikidata,2026-08-09
tm,31698,pleiades,157823,wikidata,2026-08-09
tm,31742,pleiades,383611,wikidata,2026-08-09
tm,31823,pleiades,383694,wikidata,2026-08-09
tm,31829,pleiades,383740,wikidata,2026-08-09
tm,31899,pleiades,393488,wikidata,2026-08-09
tm,31932,pleiades,393405,wikidata,2026-08-09
tm,31940,pleiades,393426,wikidata,2026-08-09
tm,31972,pleiades,393514,wikidata,2026-08-09
tm,31977,pleiades,413015,wikidata,2026-08-09
tm,31984,pleiades,403269,wikidata,2026-08-09
tm,31993,pleiades,413195,wikidata,2026-08-09
tm,32019,pleiades,433010,wikidata,2026-08-09
tm,32020,pleiades,971724591,wikidata,2026-08-09
tm,32028,pleiades,422831,wikidata,2026-08-09
tm,32031,pleiades,413026,wikidata,2026-08-09
tm,32049,pleiades,413107,wikidata,2026-08-09
tm,32051,pleiades,413138,wikidata,2026-08-09
tm,32052,pleiades,413125,wikidata,2026-08-09
tm,32056,pleiades,413317,wikidata,2026-08-09
tm,32077,pleiades,413144,wikidata,2026-08-09
tm,32078,pleiades,413145,wikidata,2026-08-09
tm,32081,pleiades,413157,wikidata,2026-08-09
tm,32085,pleiades,422963,wikidata,2026-08-09
tm,32086,pleiades,422848,wikidata,2026-08-09
tm,32097,pleiades,413184,wikidata,2026-08-09
tm,32111,pleiades,370793043,wikidata,2026-08-09
tm,32121,pleiades,413266,wikidata,2026-08-09
tm,32124,pleiades,413048,wikidata,2026-08-09
tm,32152,pleiades,413339,wikidata,2026-08-09
tm,32188,pleiades,413041,wikidata,2026-08-09
tm,32197,pleiades,413065,wikidata,2026-08-09
tm,32199,pleiades,432884,wikidata,2026-08-09
tm,32207,pleiades,413149,wikidata,2026-08-09
tm,32212,pleiades,413196,wikidata,2026-08-09
tm,32217,pleiades,413225,wikidata,2026-08-09
tm,32219,pleiades,413231,wikidata,2026-08-09
tm,32224,pleiades,413226,wikidata,2026-08-09
tm,32241,pleiades,413306,wikidata,2026-08-09
tm,32244,pleiades,413312,wikidata,2026-08-09
tm,32253,pleiades,413338,wikidata,2026-08-09
tm,32263,pleiades,413365,wikidata,2026-08-09
tm,32277,pleiades,422921,wikidata,2026-08-09
tm,32278,pleiades,422844,wikidata,2026-08-09
tm,32279,pleiades,422898,wikidata,2026-08-09
tm,32288,pleiades,413166,wikidata,2026-08-09
tm,32293,pleiades,422882,wikidata,2026-08-09
tm,32305,pleiades,422806,wikidata,2026-08-09
tm,32329,pleiades,422917,wikidata,2026-08-09
tm,32332,pleiades,422994,wikidata,2026-08-09
tm,32345,pleiades,423069,wikidata,2026-08-09
tm,32346,pleiades,423068,wikidata,2026-08-09
tm,32363,pleiades,432648,wikidata,2026-08-09
tm,32364,pleiades,422825,wikidata,2026-08-09
tm,32367,pleiades,432664,wikidata,2026-08-09
tm,32373,pleiades,438850,wikidata,2026-08-09
tm,32385,pleiades,492463658,wikidata,2026-08-09
tm,32415,pleiades,432751,wikidata,2026-08-09
tm,32415,pleiades,432752,wikidata,2026-08-09
tm,32416,pleiades,432763,wikidata,2026-08-09
tm,32424,pleiades,433153,wikidata,2026-08-09
tm,32437,pleiades,433122,wikidata,2026-08-09
tm,32441,pleiades,433100,wikidata,2026-08-09
tm,32443,pleiades,432788,wikidata,2026-08-09
tm,32448,pleiades,438719,wikidata,2026-08-09
tm,32455,pleiades,432825,wikidata,2026-08-09
tm,32459,pleiades,432830,wikidata,2026-08-09
tm,32460,pleiades,422922,wikidata,2026-08-09
tm,32465,pleiades,432843,wikidata,2026-08-09
tm,32469,pleiades,432846,wikidata,2026-08-09
tm,32471,pleiades,422932,wikidata,2026-08-09
tm,32501,pleiades,422987,wikidata,2026-08-09
tm,32512,pleiades,438811,wikidata,2026-08-09
tm,32524,pleiades,426613,wikidata,2026-08-09
tm,32525,pleiades,433052,wikidata,2026-08-09
tm,32526,pleiades,442487,wikidata,2026-08-09
tm,32537,pleiades,442797,wikidata,2026-08-09
tm,32561,pleiades,432626,wikidata,2026-08-09
tm,32566,pleiades,423108,wikidata,2026-08-09
tm,32590,pleiades,423121,wikidata,2026-08-09
tm,32613,pleiades,413045,wikidata,2026-08-09
tm,32626,pleiades,413314,wikidata,2026-08-09
tm,32679,pleiades,413228,wikidata,2026-08-09
tm,32681,pleiades,413246,wikidata,2026-08-09
tm,32687,pleiades,413113,wikidata,2026-08-09
tm,32692,pleiades,413344,wikidata,2026-08-09
tm,32693,pleiades,413348,wikidata,2026-08-09
tm,32733,pleiades,413121,wikidata,2026-08-09
tm,32737,pleiades,413245,wikidata,2026-08-09
tm,32745,pleiades,432656,wikidata,2026-08-09
tm,32769,pleiades,413005,wikidata,2026-08-09
tm,32792,pleiades,413063,wikidata,2026-08-09
tm,32799,pleiades,413042,wikidata,2026-08-09
tm,32803,pleiades,432745,wikidata,2026-08-09
tm,32806,pleiades,432796,wikidata,2026-08-09
tm,32817,pleiades,432777,wikidata,2026-08-09
tm,32938,pleiades,432886,wikidata,2026-08-09
tm,32949,pleiades,433147,wikidata,2026-08-09
tm,32953,pleiades,413350,wikidata,2026-08-09
tm,32975,pleiades,442546,wikidata,2026-08-09
tm,32990,pleiades,442452,wikidata,2026-08-09
tm,33008,pleiades,442498,wikidata,2026-08-09
tm,33009,pleiades,442590,wikidata,2026-08-09
tm,33021,pleiades,432907,wikidata,2026-08-09
tm,33040,pleiades,442461,wikidata,2026-08-09
tm,33069,pleiades,442586,wikidata,2026-08-09
tm,33076,pleiades,452457,wikidata,2026-08-09
tm,33079,pleiades,442697,wikidata,2026-08-09
tm,33081,pleiades,452369,wikidata,2026-08-09
tm,33086,pleiades,442843,wikidata,2026-08-09
tm,33090,pleiades,452439,wikidata,2026-08-09
tm,33092,pleiades,452466,wikidata,2026-08-09
tm,33100,pleiades,452337,wikidata,2026-08-09
tm,33102,pleiades,442435,wikidata,2026-08-09
tm,33111,pleiades,442685,wikidata,2026-08-09
tm,33116,pleiades,462269,wikidata,2026-08-09
tm,33127,pleiades,465930,wikidata,2026-08-09
tm,33152,pleiades,441075550,wikidata,2026-08-09
tm,33152,pleiades,422958,wikidata,2026-08-09
tm,33153,pleiades,487529761,wikidata,2026-08-09
tm,33155,pleiades,754349602,wikidata,2026-08-09
tm,33156,pleiades,383801,wikidata,2026-08-09
tm,33157,pleiades,383698,wikidata,2026-08-09
tm,33158,pleiades,393372,wikidata,2026-08-09
tm,33167,pleiades,265777,wikidata,2026-08-09
tm,33174,pleiades,265920,wikidata,2026-08-09
tm,33194,pleiades,383753,wikidata,2026-08-09
tm,33220,pleiades,570361,wikidata,2026-08-09
tm,33261,pleiades,590056,wikidata,2026-08-09
tm,33262,pleiades,590064,wikidata,2026-08-09
tm,33276,pleiades,524143100,wikidata,2026-08-09
tm,33280,pleiades,589730,wikidata,2026-08-09
tm,33285,pleiades,589897,wikidata,2026-08-09
tm,33314,pleiades,589835,wikidata,2026-08-09
tm,33323,pleiades,589672,wikidata,2026-08-09
tm,33325,pleiades,589686,wikidata,2026-08-09
tm,33339,pleiades,541146,wikidata,2026-08-09
tm,33344,pleiades,540701,wikidata,2026-08-09
tm,33349,pleiades,540801,wikidata,2026-08-09
tm,33354,pleiades,540825,wikidata,2026-08-09
tm,33356,pleiades,540717,wikidata,2026-08-09
tm,33361,pleiades,540984,wikidata,2026-08-09
tm,33366,pleiades,541106,wikidata,2026-08-09
tm,33370,pleiades,1046,wikidata,2026-08-09
tm,33371,pleiades,540585,wikidata,2026-08-09
tm,33390,pleiades,541030,wikidata,2026-08-09
tm,33397,pleiades,541174,wikidata,2026-08-09
tm,33398,pleiades,541080,wikidata,2026-08-09
tm,33399,pleiades,541107,wikidata,2026-08-09
tm,33402,pleiades,540926,wikidata,2026-08-09
tm,33403,pleiades,540749,wikidata,2026-08-09
tm,33407,pleiades,541145,wikidata,2026-08-09
tm,33417,pleiades,540781,wikidata,2026-08-09
tm,33421,pleiades,540867,wikidata,2026-08-09
tm,33424,pleiades,541056,wikidata,2026-08-09
tm,33450,pleiades,541004,wikidata,2026-08-09
tm,33454,pleiades,540792,wikidata,2026-08-09
tm,33464,pleiades,540947,wikidata,2026-08-09
tm,33505,pleiades,540784,wikidata,2026-08-09
tm,33507,pleiades,540795,wikidata,2026-08-09
tm,33510,pleiades,540837,wikidata,2026-08-09
tm,33518,pleiades,540946,wikidata,2026-08-09
tm,33538,pleiades,541118,wikidata,2026-08-09
tm,33546,pleiades,540662,wikidata,2026-08-09
tm,33579,pleiades,540950,wikidata,2026-08-09
tm,33585,pleiades,541044,wikidata,2026-08-09
tm,33598,pleiades,599719,wikidata,2026-08-09
tm,33600,pleiades,550445,wikidata,2026-08-09
tm,33628,pleiades,857120,wikidata,2026-08-09
tm,33636,pleiades,857351,wikidata,2026-08-09
tm,33638,pleiades,874432,wikidata,2026-08-09
tm,33638,pleiades,863770,wikidata,2026-08-09
tm,33647,pleiades,491651,wikidata,2026-08-09
tm,33683,pleiades,501519,wikidata,2026-08-09
tm,33689,pleiades,491517,wikidata,2026-08-09
tm,33691,pleiades,491557,wikidata,2026-08-09
tm,33769,pleiades,491519,wikidata,2026-08-09
tm,33790,pleiades,491664,wikidata,2026-08-09
tm,33874,pleiades,481739,wikidata,2026-08-09
tm,33893,pleiades,501613,wikidata,2026-08-09
tm,33932,pleiades,501553,wikidata,2026-08-09
tm,33962,pleiades,501648,wikidata,2026-08-09
tm,33966,pleiades,501421,wikidata,2026-08-09
tm,33970,pleiades,501533,wikidata,2026-08-09
tm,34021,pleiades,491722,wikidata,2026-08-09
tm,34075,pleiades,589949,wikidata,2026-08-09
tm,34089,pleiades,540861,wikidata,2026-08-09
tm,34098,pleiades,541121,wikidata,2026-08-09
tm,34104,pleiades,570623,wikidata,2026-08-09
tm,34117,pleiades,550851,wikidata,2026-08-09
tm,34186,pleiades,599485,wikidata,2026-08-09
tm,34187,pleiades,599489,wikidata,2026-08-09
tm,34202,pleiades,599625,wikidata,2026-08-09
tm,34217,pleiades,599774,wikidata,2026-08-09
tm,34222,pleiades,599890,wikidata,2026-08-09
tm,34244,pleiades,648553,wikidata,2026-08-09
tm,34259,pleiades,648650,wikidata,2026-08-09
tm,34269,pleiades,648690,wikidata,2026-08-09
tm,34294,pleiades,599490,wikidata,2026-08-09
tm,34304,pleiades,550650,wikidata,2026-08-09
tm,34304,pleiades,550651,wikidata,2026-08-09
tm,34306,pleiades,550741,wikidata,2026-08-09
tm,34311,pleiades,599855,wikidata,2026-08-09
tm,34348,pleiades,638792,wikidata,2026-08-09
tm,34360,pleiades,638956,wikidata,2026-08-09
tm,34391,pleiades,599887,wikidata,2026-08-09
tm,34400,pleiades,639151,wikidata,2026-08-09
tm,34414,pleiades,609412,wikidata,2026-08-09
tm,34503,pleiades,628923,wikidata,2026-08-09
tm,34534,pleiades,511151,wikidata,2026-08-09
tm,34547,pleiades,550560,wikidata,2026-08-09
tm,34555,pleiades,550814,wikidata,2026-08-09
tm,34556,pleiades,511368,wikidata,2026-08-09
tm,34625,pleiades,550492,wikidata,2026-08-09
tm,34635,pleiades,609473,wikidata,2026-08-09
tm,34689,pleiades,609307,wikidata,2026-08-09
tm,34719,pleiades,639066,wikidata,2026-08-09
tm,34729,pleiades,639144,wikidata,2026-08-09
tm,34746,pleiades,550433,wikidata,2026-08-09
tm,34747,pleiades,550547,wikidata,2026-08-09
tm,34749,pleiades,550772,wikidata,2026-08-09
tm,34777,pleiades,177498,wikidata,2026-08-09
tm,34837,pleiades,177507,wikidata,2026-08-09
tm,34986,pleiades,109082,wikidata,2026-08-09
tm,35033,pleiades,109192,wikidata,2026-08-09
tm,35066,pleiades,177648,wikidata,2026-08-09
tm,35083,pleiades,109277,wikidata,2026-08-09
tm,35095,pleiades,109297,wikidata,2026-08-09
tm,35150,pleiades,119015,wikidata,2026-08-09
tm,35209,pleiades,187426,wikidata,2026-08-09
tm,35221,pleiades,118622,wikidata,2026-08-09
tm,35290,pleiades,118542,wikidata,2026-08-09
tm,35482,pleiades,187480,wikidata,2026-08-09
tm,35576,pleiades,118761,wikidata,2026-08-09
tm,35859,pleiades,197067,wikidata,2026-08-09
tm,36401,pleiades,216687,wikidata,2026-08-09
tm,36401,pleiades,222244,wikidata,2026-08-09
tm,36473,pleiades,207160,wikidata,2026-08-09
tm,36582,pleiades,295333,wikidata,2026-08-09
tm,36723,pleiades,207339,wikidata,2026-08-09
tm,36807,pleiades,981532,wikidata,2026-08-09
tm,36940,pleiades,570129,wikidata,2026-08-09
tm,36941,pleiades,442436,wikidata,2026-08-09
tm,36945,pleiades,570424,wikidata,2026-08-09
tm,37064,pleiades,798054,wikidata,2026-08-09
tm,37085,pleiades,108864,wikidata,2026-08-09
tm,37147,pleiades,678318,wikidata,2026-08-09
tm,37190,pleiades,894178,wikidata,2026-08-09
tm,37191,pleiades,59669,wikidata,2026-08-09
tm,37209,pleiades,707503,wikidata,2026-08-09
tm,37215,pleiades,707512,wikidata,2026-08-09
tm,37263,pleiades,874353,wikidata,2026-08-09
tm,37274,pleiades,658589,wikidata,2026-08-09
tm,37319,pleiades,874324,wikidata,2026-08-09
tm,37392,pleiades,687916,wikidata,2026-08-09
tm,37496,pleiades,952093,wikidata,2026-08-09
tm,37597,pleiades,570354,wikidata,2026-08-09
tm,37598,pleiades,570422,wikidata,2026-08-09
tm,37599,pleiades,570438,wikidata,2026-08-09
tm,37600,pleiades,570528,wikidata,2026-08-09
tm,37602,pleiades,570647,wikidata,2026-08-09
tm,37603,pleiades,570755,wikidata,2026-08-09
tm,37622,pleiades,530793,wikidata,2026-08-09
tm,37623,pleiades,530809,wikidata,2026-08-09
tm,37624,pleiades,530798,wikidata,2026-08-09
tm,37625,pleiades,530815,wikidata,2026-08-09
tm,37627,pleiades,530827,wikidata,2026-08-09
tm,37633,pleiades,530869,wikidata,2026-08-09
tm,37640,pleiades,531016,wikidata,2026-08-09
tm,37641,pleiades,531034,wikidata,2026-08-09
tm,37650,pleiades,531123,wikidata,2026-08-09
tm,37651,pleiades,570289,wikidata,2026-08-09
tm,37671,pleiades,570740,wikidata,2026-08-09
tm,37679,pleiades,570713,wikidata,2026-08-09
tm,37681,pleiades,570267,wikidata,2026-08-09
tm,37682,pleiades,570287,wikidata,2026-08-09
tm,37690,pleiades,570444,wikidata,2026-08-09
tm,37691,pleiades,543770,wikidata,2026-08-09
tm,37697,pleiades,570377,wikidata,2026-08-09
tm,37698,pleiades,570507,wikidata,2026-08-09
tm,37699,pleiades,570548,wikidata,2026-08-09
tm,37703,pleiades,570598,wikidata,2026-08-09
tm,37704,pleiades,570638,wikidata,2026-08-09
tm,37712,pleiades,579842,wikidata,2026-08-09
tm,37722,pleiades,579892,wikidata,2026-08-09
tm,37731,pleiades,579887,wikidata,2026-08-09
tm,37734,pleiades,579879,wikidata,2026-08-09
tm,37747,pleiades,579938,wikidata,2026-08-09
tm,37748,pleiades,579944,wikidata,2026-08-09
tm,37751,pleiades,579958,wikidata,2026-08-09
tm,37794,pleiades,580134,wikidata,2026-08-09
tm,37795,pleiades,580047,wikidata,2026-08-09
tm,37796,pleiades,580051,wikidata,2026-08-09
tm,37802,pleiades,570629,wikidata,2026-08-09
tm,37812,pleiades,580129,wikidata,2026-08-09
tm,37815,pleiades,540670,wikidata,2026-08-09
tm,37822,pleiades,540888,wikidata,2026-08-09
tm,37828,pleiades,541153,wikidata,2026-08-09
tm,37843,pleiades,570711,wikidata,2026-08-09
tm,37850,pleiades,540769,wikidata,2026-08-09
tm,37871,pleiades,570418,wikidata,2026-08-09
tm,37876,pleiades,570758,wikidata,2026-08-09
tm,37885,pleiades,530869,wikidata,2026-08-09
tm,37901,pleiades,531025,wikidata,2026-08-09
tm,37904,pleiades,531042,wikidata,2026-08-09
tm,37922,pleiades,570463,wikidata,2026-08-09
tm,37924,pleiades,481750,wikidata,2026-08-09
tm,37966,pleiades,570058,wikidata,2026-08-09
tm,37967,pleiades,570074,wikidata,2026-08-09
tm,37980,pleiades,570323,wikidata,2026-08-09
tm,37998,pleiades,570575,wikidata,2026-08-09
tm,38093,pleiades,570079,wikidata,2026-08-09
tm,38107,pleiades,570483,wikidata,2026-08-09
tm,38116,pleiades,540582,wikidata,2026-08-09
tm,38118,pleiades,540642,wikidata,2026-08-09
tm,38119,pleiades,540723,wikidata,2026-08-09
tm,38120,pleiades,540743,wikidata,2026-08-09
tm,38121,pleiades,540770,wikidata,2026-08-09
tm,38122,pleiades,540820,wikidata,2026-08-09
tm,38128,pleiades,540908,wikidata,2026-08-09
tm,38129,pleiades,541008,wikidata,2026-08-09
tm,38185,pleiades,540969,wikidata,2026-08-09
tm,38201,pleiades,863918,wikidata,2026-08-09
tm,38265,pleiades,854687,wikidata,2026-08-09
tm,38296,pleiades,226697,wikidata,2026-08-09
tm,38298,pleiades,854715,wikidata,2026-08-09
tm,38305,pleiades,854724,wikidata,2026-08-09
tm,38320,pleiades,854745,wikidata,2026-08-09
tm,38386,pleiades,511351,wikidata,2026-08-09
tm,38435,pleiades,452352,wikidata,2026-08-09
tm,38442,pleiades,413199,wikidata,2026-08-09
tm,38443,pleiades,442679,wikidata,2026-08-09
tm,38449,pleiades,433061,wikidata,2026-08-09
tm,38456,pleiades,452454,wikidata,2026-08-09
tm,38469,pleiades,462258,wikidata,2026-08-09
tm,38484,pleiades,462483,wikidata,2026-08-09
tm,38488,pleiades,462509,wikidata,2026-08-09
tm,38489,pleiades,462510,wikidata,2026-08-09
tm,38512,pleiades,256411,wikidata,2026-08-09
tm,38529,pleiades,668575405,wikidata,2026-08-09
tm,38541,pleiades,256040,wikidata,2026-08-09
tm,39018,pleiades,256354,wikidata,2026-08-09
tm,39835,pleiades,236560,wikidata,2026-08-09
tm,40295,pleiades,295359,wikidata,2026-08-09
tm,40343,pleiades,363954,wikidata,2026-08-09
tm,40344,pleiades,364026,wikidata,2026-08-09
tm,40346,pleiades,363921,wikidata,2026-08-09
tm,40349,pleiades,364022,wikidata,2026-08-09
tm,40369,pleiades,472036,wikidata,2026-08-09
tm,40382,pleiades,471964,wikidata,2026-08-09
tm,40404,pleiades,462070,wikidata,2026-08-09
tm,40427,pleiades,138358,wikidata,2026-08-09
tm,40432,pleiades,98933,wikidata,2026-08-09
tm,40435,pleiades,108905,wikidata,2026-08-09
tm,40457,pleiades,109245,wikidata,2026-08-09
tm,40473,pleiades,462184,wikidata,2026-08-09
tm,40484,pleiades,413039,wikidata,2026-08-09
tm,40489,pleiades,442442,wikidata,2026-08-09
tm,40492,pleiades,452386,wikidata,2026-08-09
tm,40499,pleiades,423106,wikidata,2026-08-09
tm,40502,pleiades,442802,wikidata,2026-08-09
tm,40528,pleiades,197357,wikidata,2026-08-09
tm,40551,pleiades,511199,wikidata,2026-08-09
tm,40555,pleiades,511326,wikidata,2026-08-09
tm,40664,pleiades,619153,wikidata,2026-08-09
tm,40668,pleiades,629079,wikidata,2026-08-09
tm,40706,pleiades,207093,wikidata,2026-08-09
tm,40712,pleiades,221973,wikidata,2026-08-09
tm,40738,pleiades,393412,wikidata,2026-08-09
tm,40754,pleiades,422818,wikidata,2026-08-09
tm,40758,pleiades,409231,wikidata,2026-08-09
tm,40769,pleiades,157837,wikidata,2026-08-09
tm,40773,pleiades,422868,wikidata,2026-08-09
tm,40774,pleiades,422930,wikidata,2026-08-09
tm,40792,pleiades,422814,wikidata,2026-08-09
tm,40793,pleiades,422813,wikidata,2026-08-09
tm,40798,pleiades,413024,wikidata,2026-08-09
tm,40802,pleiades,770901484,wikidata,2026-08-09
tm,40819,pleiades,412988,wikidata,2026-08-09
tm,40828,pleiades,501355,wikidata,2026-08-09
tm,40829,pleiades,491661,wikidata,2026-08-09
tm,40875,pleiades,266074,wikidata,2026-08-09
tm,40913,pleiades,256494,wikidata,2026-08-09
tm,40931,pleiades,256083,wikidata,2026-08-09
tm,40938,pleiades,236329,wikidata,2026-08-09
tm,40964,pleiades,305111,wikidata,2026-08-09
tm,40980,pleiades,344299,wikidata,2026-08-09
tm,40987,pleiades,344332,wikidata,2026-08-09
tm,40988,pleiades,363914,wikidata,2026-08-09
tm,40993,pleiades,364034,wikidata,2026-08-09
tm,40994,pleiades,363916,wikidata,2026-08-09
tm,41007,pleiades,678322,wikidata,2026-08-09
tm,41034,pleiades,69493,wikidata,2026-08-09
tm,41037,pleiades,69511,wikidata,2026-08-09
tm,41043,pleiades,138168,wikidata,2026-08-09
tm,41057,pleiades,108910,wikidata,2026-08-09
tm,41062,pleiades,118606,wikidata,2026-08-09
tm,41069,pleiades,187464,wikidata,2026-08-09
tm,41071,pleiades,187356,wikidata,2026-08-09
tm,41079,pleiades,403279,wikidata,2026-08-09
tm,41083,pleiades,414500,wikidata,2026-08-09
tm,41085,pleiades,409214,wikidata,2026-08-09
tm,41086,pleiades,403260,wikidata,2026-08-09
tm,41089,pleiades,393452,wikidata,2026-08-09
tm,41097,pleiades,416846,wikidata,2026-08-09
tm,41100,pleiades,413130,wikidata,2026-08-09
tm,41107,pleiades,442578,wikidata,2026-08-09
tm,41109,pleiades,432882,wikidata,2026-08-09
tm,41110,pleiades,423078,wikidata,2026-08-09
tm,41111,pleiades,432789,wikidata,2026-08-09
tm,41114,pleiades,422805,wikidata,2026-08-09
tm,41116,pleiades,442515,wikidata,2026-08-09
tm,41119,pleiades,452343,wikidata,2026-08-09
tm,41124,pleiades,452293,wikidata,2026-08-09
tm,41129,pleiades,432644,wikidata,2026-08-09
tm,41130,pleiades,432643,wikidata,2026-08-09
tm,41139,pleiades,197533,wikidata,2026-08-09
tm,41143,pleiades,197090,wikidata,2026-08-09
tm,41315,pleiades,211410,wikidata,2026-08-09
tm,41325,pleiades,206899,wikidata,2026-08-09
tm,41326,pleiades,207009,wikidata,2026-08-09
tm,41337,pleiades,207551,wikidata,2026-08-09
tm,41347,pleiades,530879,wikidata,2026-08-09
tm,41348,pleiades,541034,wikidata,2026-08-09
tm,41349,pleiades,541103,wikidata,2026-08-09
tm,41352,pleiades,226508,wikidata,2026-08-09
tm,41356,pleiades,511459,wikidata,2026-08-09
tm,41365,pleiades,520995,wikidata,2026-08-09
tm,41369,pleiades,844957,wikidata,2026-08-09
tm,41380,pleiades,609378,wikidata,2026-08-09
tm,41390,pleiades,857307,wikidata,2026-08-09
tm,41401,pleiades,628972,wikidata,2026-08-09
tm,41402,pleiades,619252,wikidata,2026-08-09
tm,41414,pleiades,857257,wikidata,2026-08-09
tm,41416,pleiades,857050,wikidata,2026-08-09
tm,41422,pleiades,857264,wikidata,2026-08-09
tm,41452,pleiades,874432,wikidata,2026-08-09
tm,41452,pleiades,863770,wikidata,2026-08-09
tm,41522,pleiades,658574,wikidata,2026-08-09
tm,41530,pleiades,874774,wikidata,2026-08-09
tm,41557,pleiades,942276,wikidata,2026-08-09
tm,41558,pleiades,903104,wikidata,2026-08-09
tm,41561,pleiades,226646,wikidata,2026-08-09
tm,41562,pleiades,854694,wikidata,2026-08-09
tm,41563,pleiades,854696,wikidata,2026-08-09
tm,41577,pleiades,589922,wikidata,2026-08-09
tm,41586,pleiades,181205,wikidata,2026-08-09
tm,41598,pleiades,1224,wikidata,2026-08-09
tm,41601,pleiades,128501,wikidata,2026-08-09
tm,41602,pleiades,138188,wikidata,2026-08-09
tm,41602,pleiades,236376,wikidata,2026-08-09
tm,41618,pleiades,108724,wikidata,2026-08-09
tm,41645,pleiades,216715,wikidata,2026-08-09
tm,41646,pleiades,216728,wikidata,2026-08-09
tm,41654,pleiades,226595,wikidata,2026-08-09
tm,41663,pleiades,30207,wikidata,2026-08-09
tm,41680,pleiades,305122,wikidata,2026-08-09
tm,41708,pleiades,314858,wikidata,2026-08-09
tm,41726,pleiades,334477,wikidata,2026-08-09
tm,41733,pleiades,338243,wikidata,2026-08-09
tm,41745,pleiades,344284,wikidata,2026-08-09
tm,41746,pleiades,344285,wikidata,2026-08-09
tm,41751,pleiades,344388,wikidata,2026-08-09
tm,41753,pleiades,344488,wikidata,2026-08-09
tm,41758,pleiades,344524,wikidata,2026-08-09
tm,41764,pleiades,349588,wikidata,2026-08-09
tm,41769,pleiades,349622,wikidata,2026-08-09
tm,41777,pleiades,364027,wikidata,2026-08-09
tm,41781,pleiades,383551,wikidata,2026-08-09
tm,41806,pleiades,413029,wikidata,2026-08-09
tm,41811,pleiades,413189,wikidata,2026-08-09
tm,41812,pleiades,413193,wikidata,2026-08-09
tm,41813,pleiades,413202,wikidata,2026-08-09
tm,41816,pleiades,413242,wikidata,2026-08-09
tm,41823,pleiades,416768,wikidata,2026-08-09
tm,41829,pleiades,416789,wikidata,2026-08-09
tm,41837,pleiades,432622,wikidata,2026-08-09
tm,41838,pleiades,432641,wikidata,2026-08-09
tm,41842,pleiades,432935,wikidata,2026-08-09
tm,41843,pleiades,432986,wikidata,2026-08-09
tm,41849,pleiades,442776,wikidata,2026-08-09
tm,41854,pleiades,438729,wikidata,2026-08-09
tm,41861,pleiades,442599,wikidata,2026-08-09
tm,41862,pleiades,442704,wikidata,2026-08-09
tm,41935,pleiades,446281,wikidata,2026-08-09
tm,41941,pleiades,481780,wikidata,2026-08-09
tm,41944,pleiades,481857,wikidata,2026-08-09
tm,41972,pleiades,550571,wikidata,2026-08-09
tm,41973,pleiades,550667,wikidata,2026-08-09
tm,41974,pleiades,570181,wikidata,2026-08-09
tm,41976,pleiades,543779,wikidata,2026-08-09
tm,41982,pleiades,59750,wikidata,2026-08-09
tm,41985,pleiades,59978,wikidata,2026-08-09
tm,41996,pleiades,614656,wikidata,2026-08-09
tm,42000,pleiades,619178,wikidata,2026-08-09
tm,42001,pleiades,619195,wikidata,2026-08-09
tm,42023,pleiades,638901,wikidata,2026-08-09
tm,42072,pleiades,844852,wikidata,2026-08-09
tm,42076,pleiades,844970,wikidata,2026-08-09
tm,42103,pleiades,857291,wikidata,2026-08-09
tm,42122,pleiades,874597,wikidata,2026-08-09
tm,42135,pleiades,876630,wikidata,2026-08-09
tm,42169,pleiades,897825,wikidata,2026-08-09
tm,42176,pleiades,906021,wikidata,2026-08-09
tm,42178,pleiades,912872,wikidata,2026-08-09
tm,42184,pleiades,981546,wikidata,2026-08-09
tm,42185,pleiades,98929,wikidata,2026-08-09
tm,42186,pleiades,98937,wikidata,2026-08-09
tm,42188,pleiades,98998,wikidata,2026-08-09
tm,42210,pleiades,557533541,wikidata,2026-08-09
tm,42258,pleiades,884130,wikidata,2026-08-09
tm,42272,pleiades,546301139,wikidata,2026-08-09
tm,42317,pleiades,29573,wikidata,2026-08-09
tm,42339,pleiades,109180,wikidata,2026-08-09
tm,42347,pleiades,138420,wikidata,2026-08-09
tm,42351,pleiades,631428766,wikidata,2026-08-09
tm,42363,pleiades,109182,wikidata,2026-08-09
tm,42379,pleiades,157930,wikidata,2026-08-09
tm,42398,pleiades,314961,wikidata,2026-08-09
tm,42399,pleiades,471943,wikidata,2026-08-09
tm,42410,pleiades,393383,wikidata,2026-08-09
tm,42413,pleiades,393375,wikidata,2026-08-09
tm,42414,pleiades,393446,wikidata,2026-08-09
tm,42417,pleiades,187585,wikidata,2026-08-09
tm,42427,pleiades,383738,wikidata,2026-08-09
tm,42451,pleiades,197234,wikidata,2026-08-09
tm,42459,pleiades,413038,wikidata,2026-08-09
tm,42466,pleiades,413341,wikidata,2026-08-09
tm,42470,pleiades,552843025,wikidata,2026-08-09
tm,42483,pleiades,472035,wikidata,2026-08-09
tm,42518,pleiades,462502,wikidata,2026-08-09
tm,42519,pleiades,1004,wikidata,2026-08-09
tm,42538,pleiades,20467,wikidata,2026-08-09
tm,42540,pleiades,480467543,wikidata,2026-08-09
tm,42576,pleiades,364025,wikidata,2026-08-09
tm,42589,pleiades,857153,wikidata,2026-08-09
tm,42601,pleiades,550698,wikidata,2026-08-09
tm,42605,pleiades,599805,wikidata,2026-08-09
tm,42666,pleiades,992075,wikidata,2026-08-09
tm,42674,pleiades,628936,wikidata,2026-08-09
tm,42674,pleiades,981508,wikidata,2026-08-09
tm,42675,pleiades,863747,wikidata,2026-08-09
tm,42681,pleiades,991370,wikidata,2026-08-09
tm,42684,pleiades,991365,wikidata,2026-08-09
tm,42688,pleiades,991347,wikidata,2026-08-09
tm,42689,pleiades,991346,wikidata,2026-08-09
tm,42697,pleiades,991333,wikidata,2026-08-09
tm,42698,pleiades,992827,wikidata,2026-08-09
tm,42704,pleiades,991352,wikidata,2026-08-09
tm,42706,pleiades,991327,wikidata,2026-08-09
tm,42711,pleiades,236403,wikidata,2026-08-09
tm,42734,pleiades,422822,wikidata,2026-08-09
tm,42747,pleiades,630721026,wikidata,2026-08-09
tm,42766,pleiades,981519,wikidata,2026-08-09
tm,42772,pleiades,187444,wikidata,2026-08-09
tm,42776,pleiades,20420,wikidata,2026-08-09
tm,42777,pleiades,783,wikidata,2026-08-09
tm,42779,pleiades,197108,wikidata,2026-08-09
tm,42782,pleiades,246546,wikidata,2026-08-09
tm,42784,pleiades,416811,wikidata,2026-08-09
tm,42791,pleiades,432830,wikidata,2026-08-09
tm,42807,pleiades,347036492,wikidata,2026-08-09
tm,42809,pleiades,865014139,wikidata,2026-08-09
tm,42811,pleiades,125119394,wikidata,2026-08-09
tm,42812,pleiades,695491849,wikidata,2026-08-09
tm,42814,pleiades,430827518,wikidata,2026-08-09
tm,42815,pleiades,458808506,wikidata,2026-08-09
tm,42817,pleiades,91325207,wikidata,2026-08-09
tm,42820,pleiades,109392,wikidata,2026-08-09
tm,42839,pleiades,438703,wikidata,2026-08-09
tm,42875,pleiades,541950317,wikidata,2026-08-09
tm,42878,pleiades,805602,wikidata,2026-08-09
tm,42879,pleiades,805601,wikidata,2026-08-09
tm,42882,pleiades,383728,wikidata,2026-08-09
tm,42896,pleiades,416775,wikidata,2026-08-09
tm,42900,pleiades,502866838,wikidata,2026-08-09
tm,42901,pleiades,207271756,wikidata,2026-08-09
tm,42902,pleiades,72845305,wikidata,2026-08-09
tm,42935,pleiades,246418,wikidata,2026-08-09
tm,42938,pleiades,413201,wikidata,2026-08-09
tm,42943,pleiades,442598,wikidata,2026-08-09
tm,42944,pleiades,295323,wikidata,2026-08-09
tm,43095,pleiades,403281,wikidata,2026-08-09
tm,43126,pleiades,803793619,wikidata,2026-08-09
tm,43132,pleiades,439430,wikidata,2026-08-09
tm,43141,pleiades,839719167,wikidata,2026-08-09
tm,43147,pleiades,988280578,wikidata,2026-08-09
tm,43150,pleiades,469059303,wikidata,2026-08-09
tm,43162,pleiades,197265,wikidata,2026-08-09
tm,43199,pleiades,423080,wikidata,2026-08-09
tm,43231,pleiades,27164982,wikidata,2026-08-09
tm,43235,pleiades,166405461,wikidata,2026-08-09
tm,43241,pleiades,438716,wikidata,2026-08-09
tm,43245,pleiades,434423626,wikidata,2026-08-09
tm,43309,pleiades,422857,wikidata,2026-08-09
tm,43333,pleiades,305029,wikidata,2026-08-09
tm,43378,pleiades,216830,wikidata,2026-08-09
tm,43382,pleiades,438784,wikidata,2026-08-09
tm,43384,pleiades,978725165,wikidata,2026-08-09
tm,43406,pleiades,780447855,wikidata,2026-08-09
tm,43433,pleiades,511240,wikidata,2026-08-09
tm,43461,pleiades,285419,wikidata,2026-08-09
tm,43486,pleiades,482523501,wikidata,2026-08-09
tm,43488,pleiades,265822,wikidata,2026-08-09
tm,43500,pleiades,305145,wikidata,2026-08-09
tm,43512,pleiades,157846,wikidata,2026-08-09
tm,43517,pleiades,167878,wikidata,2026-08-09
tm,43528,pleiades,383673,wikidata,2026-08-09
tm,43550,pleiades,423562,wikidata,2026-08-09
tm,43551,pleiades,423560,wikidata,2026-08-09
tm,43552,pleiades,423558,wikidata,2026-08-09
tm,43557,pleiades,423561,wikidata,2026-08-09
tm,43561,pleiades,334527,wikidata,2026-08-09
tm,43574,pleiades,471592763,wikidata,2026-08-09
tm,43590,pleiades,289929,wikidata,2026-08-09
tm,43599,pleiades,438862,wikidata,2026-08-09
tm,43602,pleiades,101183,wikidata,2026-08-09
tm,43620,pleiades,118940,wikidata,2026-08-09
tm,43623,pleiades,442641,wikidata,2026-08-09
tm,43631,pleiades,187611,wikidata,2026-08-09
tm,43633,pleiades,187424,wikidata,2026-08-09
tm,43648,pleiades,256010,wikidata,2026-08-09
tm,43652,pleiades,256042,wikidata,2026-08-09
tm,43657,pleiades,432853,wikidata,2026-08-09
tm,43684,pleiades,326171400,wikidata,2026-08-09
tm,43687,pleiades,463398874,wikidata,2026-08-09
tm,43696,pleiades,157926,wikidata,2026-08-09
tm,43701,pleiades,422819772,wikidata,2026-08-09
tm,43702,pleiades,173078007,wikidata,2026-08-09
tm,43707,pleiades,307963010,wikidata,2026-08-09
tm,43708,pleiades,917389428,wikidata,2026-08-09
tm,43709,pleiades,378562728,wikidata,2026-08-09
tm,43710,pleiades,523965218,wikidata,2026-08-09
tm,43711,pleiades,406470991,wikidata,2026-08-09
tm,43712,pleiades,75632296,wikidata,2026-08-09
tm,43713,pleiades,596666070,wikidata,2026-08-09
tm,43714,pleiades,337325364,wikidata,2026-08-09
tm,43715,pleiades,936873471,wikidata,2026-08-09
tm,43716,pleiades,298699921,wikidata,2026-08-09
tm,43717,pleiades,418516191,wikidata,2026-08-09
tm,43718,pleiades,886355306,wikidata,2026-08-09
tm,43719,pleiades,372769291,wikidata,2026-08-09
tm,43720,pleiades,217953464,wikidata,2026-08-09
tm,43789,pleiades,267702571,wikidata,2026-08-09
tm,43790,pleiades,889101791,wikidata,2026-08-09
tm,43792,pleiades,325028350,wikidata,2026-08-09
tm,43795,pleiades,21938933,wikidata,2026-08-09
tm,43878,pleiades,432833118,wikidata,2026-08-09
tm,43879,pleiades,570510,wikidata,2026-08-09
tm,43881,pleiades,422863,wikidata,2026-08-09
tm,43887,pleiades,987367012,wikidata,2026-08-09
tm,43894,pleiades,978725164,wikidata,2026-08-09
tm,43895,pleiades,837078212,wikidata,2026-08-09
tm,43898,pleiades,432707,wikidata,2026-08-09
tm,43931,pleiades,158081395,wikidata,2026-08-09
tm,43987,pleiades,823121346,wikidata,2026-08-09
tm,43989,pleiades,55302071,wikidata,2026-08-09
tm,43991,pleiades,98909,wikidata,2026-08-09
tm,43995,pleiades,816091000,wikidata,2026-08-09
tm,44722,pleiades,438825,wikidata,2026-08-09
tm,44734,pleiades,679258819,wikidata,2026-08-09
tm,44743,pleiades,413217,wikidata,2026-08-09
tm,44787,pleiades,152699900,wikidata,2026-08-09
tm,44863,pleiades,328660748,wikidata,2026-08-09
tm,44891,pleiades,303638861,wikidata,2026-08-09
tm,44893,pleiades,54214303,wikidata,2026-08-09
tm,44902,pleiades,673471798,wikidata,2026-08-09
tm,44903,pleiades,527986453,wikidata,2026-08-09
tm,44910,pleiades,835948519,wikidata,2026-08-09
tm,44921,pleiades,854946506,wikidata,2026-08-09
tm,44948,pleiades,346055018,wikidata,2026-08-09
tm,44954,pleiades,128044615,wikidata,2026-08-09
tm,44955,pleiades,629324739,wikidata,2026-08-09
tm,44990,pleiades,114791,wikidata,2026-08-09
tm,44993,pleiades,481740,wikidata,2026-08-09
tm,44996,pleiades,197422,wikidata,2026-08-09
tm,45021,pleiades,432812,wikidata,2026-08-09
tm,45027,pleiades,51787061,wikidata,2026-08-09
tm,45054,pleiades,99662,wikidata,2026-08-09
tm,45060,pleiades,290541807,wikidata,2026-08-09
tm,45381,pleiades,403261,wikidata,2026-08-09
tm,45436,pleiades,422802,wikidata,2026-08-09
tm,45486,pleiades,422997,wikidata,2026-08-09
tm,45556,pleiades,438722,wikidata,2026-08-09
tm,45562,pleiades,422821,wikidata,2026-08-09
tm,45575,pleiades,423071,wikidata,2026-08-09
tm,45702,pleiades,413090,wikidata,2026-08-09
tm,45932,pleiades,383624,wikidata,2026-08-09
tm,46083,pleiades,413384,wikidata,2026-08-09
tm,46119,pleiades,393477,wikidata,2026-08-09
tm,46233,pleiades,393454,wikidata,2026-08-09
tm,46396,pleiades,462313,wikidata,2026-08-09
tm,46415,pleiades,438851,wikidata,2026-08-09
tm,47760,pleiades,376850631,wikidata,2026-08-09
tm,47761,pleiades,789002571,wikidata,2026-08-09
tm,47856,pleiades,893999,wikidata,2026-08-09
tm,47862,pleiades,893952,wikidata,2026-08-09
tm,47870,pleiades,893974,wikidata,2026-08-09
tm,47871,pleiades,874444,wikidata,2026-08-09
tm,47892,pleiades,874593,wikidata,2026-08-09
tm,47897,pleiades,893991,wikidata,2026-08-09
tm,47923,pleiades,894043,wikidata,2026-08-09
tm,47926,pleiades,912800,wikidata,2026-08-09
tm,47932,pleiades,874583,wikidata,2026-08-09
tm,47938,pleiades,874545,wikidata,2026-08-09
tm,48145,pleiades,857171,wikidata,2026-08-09
tm,48210,pleiades,874488,wikidata,2026-08-09
tm,48678,pleiades,687969,wikidata,2026-08-09
tm,48874,pleiades,874458,wikidata,2026-08-09
tm,49695,pleiades,243310942,wikidata,2026-08-09
tm,49870,pleiades,461726240,wikidata,2026-08-09
tm,49916,pleiades,705506085,wikidata,2026-08-09
tm,49931,pleiades,246607,wikidata,2026-08-09
tm,50025,pleiades,658511,wikidata,2026-08-09
tm,50034,pleiades,776186,wikidata,2026-08-09
tm,50048,pleiades,271065,wikidata,2026-08-09
tm,50052,pleiades,871801169,wikidata,2026-08-09
tm,50090,pleiades,167946,wikidata,2026-08-09
tm,50106,pleiades,570527,wikidata,2026-08-09
tm,50135,pleiades,531536067,wikidata,2026-08-09
tm,50136,pleiades,640011069,wikidata,2026-08-09
tm,50137,pleiades,749375794,wikidata,2026-08-09
tm,50253,pleiades,570326,wikidata,2026-08-09
tm,50347,pleiades,324690,wikidata,2026-08-09
tm,50356,pleiades,462073,wikidata,2026-08-09
tm,50420,pleiades,393373,wikidata,2026-08-09
tm,50427,pleiades,188535571,wikidata,2026-08-09
tm,50663,pleiades,893945,wikidata,2026-08-09
tm,50830,pleiades,329386245,wikidata,2026-08-09
tm,50861,pleiades,779967430,wikidata,2026-08-09
tm,50957,pleiades,687905,wikidata,2026-08-09
tm,51250,pleiades,197253,wikidata,2026-08-09
tm,51296,pleiades,393490,wikidata,2026-08-09
tm,51690,pleiades,599801,wikidata,2026-08-09
tm,51896,pleiades,570761,wikidata,2026-08-09
tm,51901,pleiades,433117,wikidata,2026-08-09
tm,51903,pleiades,442657,wikidata,2026-08-09
tm,52430,pleiades,678211,wikidata,2026-08-09
tm,52813,pleiades,413290,wikidata,2026-08-09
tm,52825,pleiades,79378,wikidata,2026-08-09
tm,53231,pleiades,668403,wikidata,2026-08-09
tm,53347,pleiades,658541,wikidata,2026-08-09
tm,53561,pleiades,412342122,wikidata,2026-08-09
tm,53978,pleiades,59687,wikidata,2026-08-09
tm,54303,pleiades,658399,wikidata,2026-08-09
tm,54313,pleiades,658410,wikidata,2026-08-09
tm,54349,pleiades,977603752,wikidata,2026-08-09
tm,54478,pleiades,746825,wikidata,2026-08-09
tm,54481,pleiades,678177,wikidata,2026-08-09
tm,55181,pleiades,570071,wikidata,2026-08-09
tm,55185,pleiades,570149,wikidata,2026-08-09
tm,55890,pleiades,638888,wikidata,2026-08-09
tm,56034,pleiades,511141,wikidata,2026-08-09
tm,56272,pleiades,550840,wikidata,2026-08-09
tm,56277,pleiades,550658,wikidata,2026-08-09
tm,56491,pleiades,579849,wikidata,2026-08-09
tm,56492,pleiades,579858,wikidata,2026-08-09
tm,57051,pleiades,579912,wikidata,2026-08-09
tm,57169,pleiades,599945,wikidata,2026-08-09
tm,57356,pleiades,580106,wikidata,2026-08-09
tm,58213,pleiades,579876,wikidata,2026-08-09
tm,58456,pleiades,530859,wikidata,2026-08-09
tm,58668,pleiades,599661,wikidata,2026-08-09
tm,58700,pleiades,487031708,wikidata,2026-08-09
tm,58726,pleiades,442709,wikidata,2026-08-09
tm,58814,pleiades,252939,wikidata,2026-08-09
tm,58850,pleiades,252984,wikidata,2026-08-09
tm,58869,pleiades,511169,wikidata,2026-08-09
tm,58871,pleiades,540681,wikidata,2026-08-09
tm,58891,pleiades,442604,wikidata,2026-08-09
tm,58906,pleiades,483974,wikidata,2026-08-09
tm,58915,pleiades,501620,wikidata,2026-08-09
tm,58921,pleiades,531039,wikidata,2026-08-09
tm,58925,pleiades,541085,wikidata,2026-08-09
tm,58927,pleiades,543837,wikidata,2026-08-09
tm,58933,pleiades,550678,wikidata,2026-08-09
tm,58945,pleiades,570301,wikidata,2026-08-09
tm,58947,pleiades,570417,wikidata,2026-08-09
tm,58961,pleiades,599614,wikidata,2026-08-09
tm,58967,pleiades,599948,wikidata,2026-08-09
tm,58998,pleiades,845082,wikidata,2026-08-09
tm,59008,pleiades,727106,wikidata,2026-08-09
tm,59545,pleiades,442789,wikidata,2026-08-09
tm,59721,pleiades,648620,wikidata,2026-08-09
tm,59862,pleiades,857200,wikidata,2026-08-09
tm,60127,pleiades,590093,wikidata,2026-08-09
tm,60565,pleiades,658606,wikidata,2026-08-09
tm,60565,pleiades,336554371,wikidata,2026-08-09
tm,60645,pleiades,530791,wikidata,2026-08-09
tm,60650,pleiades,543727,wikidata,2026-08-09
tm,60653,pleiades,579883,wikidata,2026-08-09
tm,60661,pleiades,580004,wikidata,2026-08-09
tm,60664,pleiades,580123,wikidata,2026-08-09
tm,60667,pleiades,579915,wikidata,2026-08-09
tm,60669,pleiades,579970,wikidata,2026-08-09
tm,60673,pleiades,579950,wikidata,2026-08-09
tm,60683,pleiades,579864,wikidata,2026-08-09
tm,60690,pleiades,579933,wikidata,2026-08-09
tm,60699,pleiades,580091,wikidata,2026-08-09
tm,60702,pleiades,580074,wikidata,2026-08-09
tm,60704,pleiades,580104,wikidata,2026-08-09
tm,60705,pleiades,585936,wikidata,2026-08-09
tm,60713,pleiades,585923,wikidata,2026-08-09
tm,60714,pleiades,585945,wikidata,2026-08-09
tm,60715,pleiades,585972,wikidata,2026-08-09
tm,60716,pleiades,585970,wikidata,2026-08-09
tm,60722,pleiades,585882,wikidata,2026-08-09
tm,60726,pleiades,541129,wikidata,2026-08-09
tm,60741,pleiades,580040,wikidata,2026-08-09
tm,60744,pleiades,570752,wikidata,2026-08-09
tm,60751,pleiades,579953,wikidata,2026-08-09
tm,60760,pleiades,570679,wikidata,2026-08-09
tm,60761,pleiades,580139,wikidata,2026-08-09
tm,60768,pleiades,573571,wikidata,2026-08-09
tm,60769,pleiades,570508,wikidata,2026-08-09
tm,60793,pleiades,570622,wikidata,2026-08-09
tm,60799,pleiades,580052,wikidata,2026-08-09
tm,60801,pleiades,585954,wikidata,2026-08-09
tm,60802,pleiades,570557,wikidata,2026-08-09
tm,60810,pleiades,373872,wikidata,2026-08-09
tm,60860,pleiades,707600,wikidata,2026-08-09
tm,60876,pleiades,639132,wikidata,2026-08-09
tm,60925,pleiades,599626,wikidata,2026-08-09
tm,60932,pleiades,550528,wikidata,2026-08-09
tm,60933,pleiades,550586,wikidata,2026-08-09
tm,60948,pleiades,550884,wikidata,2026-08-09
tm,60957,pleiades,550449,wikidata,2026-08-09
tm,60962,pleiades,550621,wikidata,2026-08-09
tm,60964,pleiades,550941,wikidata,2026-08-09
tm,60965,pleiades,550703,wikidata,2026-08-09
tm,60970,pleiades,550793,wikidata,2026-08-09
tm,60972,pleiades,609470,wikidata,2026-08-09
tm,60979,pleiades,550607,wikidata,2026-08-09
tm,60980,pleiades,550451,wikidata,2026-08-09
tm,60987,pleiades,501509,wikidata,2026-08-09
tm,61002,pleiades,520977,wikidata,2026-08-09
tm,61019,pleiades,857352,wikidata,2026-08-09
tm,61068,pleiades,462191,wikidata,2026-08-09
tm,61071,pleiades,465912,wikidata,2026-08-09
tm,61078,pleiades,1094,wikidata,2026-08-09
tm,61084,pleiades,452379,wikidata,2026-08-09
tm,61087,pleiades,442610,wikidata,2026-08-09
tm,61089,pleiades,621604967,wikidata,2026-08-09
tm,61101,pleiades,438723,wikidata,2026-08-09
tm,61102,pleiades,438872,wikidata,2026-08-09
tm,61110,pleiades,530942,wikidata,2026-08-09
tm,61119,pleiades,481726,wikidata,2026-08-09
tm,61126,pleiades,197260,wikidata,2026-08-09
tm,61126,pleiades,481829,wikidata,2026-08-09
tm,61171,pleiades,99060,wikidata,2026-08-09
tm,61179,pleiades,589705,wikidata,2026-08-09
tm,61188,pleiades,707554,wikidata,2026-08-09
tm,61190,pleiades,123090,wikidata,2026-08-09
tm,61197,pleiades,573109,wikidata,2026-08-09
tm,61203,pleiades,580117,wikidata,2026-08-09
tm,61206,pleiades,580078,wikidata,2026-08-09
tm,61245,pleiades,541078,wikidata,2026-08-09
tm,61284,pleiades,570134,wikidata,2026-08-09
tm,61309,pleiades,570690,wikidata,2026-08-09
tm,61339,pleiades,541015,wikidata,2026-08-09
tm,61399,pleiades,590097,wikidata,2026-08-09
tm,61450,pleiades,668180,wikidata,2026-08-09
tm,61451,pleiades,197136,wikidata,2026-08-09
tm,61455,pleiades,678054,wikidata,2026-08-09
tm,61467,pleiades,599940,wikidata,2026-08-09
tm,61475,pleiades,639167,wikidata,2026-08-09
tm,61481,pleiades,857356,wikidata,2026-08-09
tm,61491,pleiades,599753,wikidata,2026-08-09
tm,62256,pleiades,811907996,wikidata,2026-08-09
tm,62337,pleiades,589917,wikidata,2026-08-09
tm,62399,pleiades,570565,wikidata,2026-08-09
tm,62450,pleiades,540673,wikidata,2026-08-09
tm,62623,pleiades,541133,wikidata,2026-08-09
tm,62913,pleiades,383750,wikidata,2026-08-09
tm,62940,pleiades,433008,wikidata,2026-08-09
tm,62969,pleiades,459049147,wikidata,2026-08-09
tm,63046,pleiades,481889,wikidata,2026-08-09
tm,63068,pleiades,197399,wikidata,2026-08-09
tm,63096,pleiades,59672,wikidata,2026-08-09
tm,63259,pleiades,422984,wikidata,2026-08-09
tm,63664,pleiades,246669,wikidata,2026-08-09
tm,63714,pleiades,151768,wikidata,2026-08-09
tm,63715,pleiades,148132,wikidata,2026-08-09
tm,63766,pleiades,438671,wikidata,2026-08-09
tm,63781,pleiades,438675,wikidata,2026-08-09
tm,63792,pleiades,438724,wikidata,2026-08-09
tm,63898,pleiades,446282,wikidata,2026-08-09
tm,63967,pleiades,416841,wikidata,2026-08-09
tm,64307,pleiades,109322,wikidata,2026-08-09
tm,64617,pleiades,344428,wikidata,2026-08-09
tm,64629,pleiades,355652,wikidata,2026-08-09
tm,64991,pleiades,599683,wikidata,2026-08-09
tm,65156,pleiades,860823,wikidata,2026-08-09
tm,65654,pleiades,915902,wikidata,2026-08-09
tm,65878,pleiades,503283123,wikidata,2026-08-09
tm,65931,pleiades,108635484,wikidata,2026-08-09
tm,66241,pleiades,79356,wikidata,2026-08-09
tm,165634,pleiades,79620,wikidata,2026-08-09
